Title ID	Region	Name	PKG direct link	Content ID	Last Modification Date	Original Name	File Size	SHA256
NPEF00011	EU	Tomb Raider 	http://zeus.dl.playstation.net/cdn/EP0776/NPEF00011_00/1g6SVH9rMGEeaorLRD4uqMiw3Fh0nMHlVDCVLoE027JaFsHRFDV8HMRFKrUVnpuQ.pkg	EP0776-NPEF00011_00-GTOMBRAIEN000001			218860192	89cd06699c0c8be129ce453d1ecc39ad4c7d6510435daebeecf105cd2f8effa2
NPEF00012	EU	Tomb Raider 2 	http://zeus.dl.playstation.net/cdn/EP0776/NPEF00012_00/YcXiQacuXKSdGRfoDczsIWdVhCtSGLnvYrNvbTfignDBdZyFFluOpHsNXMwBOGqE.pkg	EP0776-NPEF00012_00-GTOMBRAIDEXXXENG			202710752	51b561e30b914df441788dc205a0f65c2f031a7a9014464876641c7643af896d
NPEF00015	EU	Theme Hospital (German) 	http://zeus.dl.playstation.net/cdn/EP0006/NPEF00015_00/sXrWooDSXuNSEChxwYLD4NQAwtRqwpug6kdYmdDwfDBtljb6OxyR5m7Gto8gwjvtNlLtFefUriwrHObrPrmMx0U6eK78L8viAVn9c.pkg	EP0006-NPEF00015_00-GTHEMEHOSG000001		Theme Hospital (German) 	126566640	13d8370ae843eeb74d401bb59d8a24d11909972c5996ece11849902e9be6498f
NPEF00021	EU	Driver (German) 	http://zeus.dl.playstation.net/cdn/EP0001/NPEF00021_00/vCWPGF49t6dQsdpbsnOYtEWjvROecycrC1R0kWNPYgOcoNt3ipGbMIGjtbT7NB4Nd9PIoPkQh9Pc08AWRYr8YPtil4i14Jiqvgaxh.pkg	EP0001-NPEF00021_00-GDRIVERGER000001		Driver (German) 	457321040	cdd37b81b240b8bf16867deef8007bec58ac89236112fab0856975d9e2d11b4d
NPEF00023	EU	Rayman (French) 	http://zeus.dl.playstation.net/cdn/EP0001/NPEF00023_00/hyaJQdlE9e762kspAtnNGIEt3UAS0curmMuPh2bd4IgEDwyKNUt4hbV0pPqEXDPy0fPhA4wiSEY7ThGSMt9LmsecbA52I93Y6Kg9G.pkg	EP0001-NPEF00023_00-GRAYMANFRE000001		Rayman (French) 	158098416	6a63ad0d9822f9ab4f2fe131555f37e1db4b3838a726889405eed3f1e0e516f6
NPEF00023	EU	Rayman (German) 	http://zeus.dl.playstation.net/cdn/EP0001/NPEF00023_00/EjyKjou2tFeOLmfvVURs06S0pwmQvBCDs3u1LGlHhYWqgRfegXhqvtJe9CVbLRjdUC2cRNEvokbQ9v9RlkVDdLej5Osq4YYyTRoRS.pkg	EP0001-NPEF00023_00-GRAYMANGER000001		Rayman (German) 	158099328	29fb6ed915c29ec16a108acea0a18581a593d3ccba19b16e859d460e7449b0ca
NPEF00027	EU	Street Skater (German) 	http://zeus.dl.playstation.net/cdn/EP0006/NPEF00027_00/HyiiJXhmNQEXyqHqUfu4L66weLaaixRCInBmMotpOVv37kf3U8GifOPb4O633XQmIOxODpsrQhd7fX4yWxpEo1IlCh8b758kV4SMs.pkg	EP0006-NPEF00027_00-GSTREETSKG000001		Street Skater (German) 	88519808	5d480a0843981afd830354c33ccca1fea8a8d0dae5913088fb4be8b060b6be93
NPEF00038	EU	Silent Hill 	http://zeus.dl.playstation.net/cdn/EP0101/NPEF00038_00/8aAmd8h1mqNx6LpdAwvuGavUGjAhmwkQYUh0fruIiqRdH2VFsOsUBBSBtLXCXi5bq3L6bxiT4Y2bVAHumrPP7OhLbRGRER3GKEjQH.pkg	EP0101-NPEF00038_00-GSILENTHIE000001			310428368	278f51597c5e5b56b64ecd5849ab2b28bd09cda6b90c859e9cda5d60f9d309a2
NPEF00054	EU	Suikoden	http://zeus.dl.playstation.net/cdn/EP0101/NPEF00054_00/RwehCsZkeQeEJNoMRgsiPmkMgkvJLGTFXfLuBFgdkPWDjzdmfSKzTznFQgUwUMEj.pkg	EP0101-NPEF00054_00-GSUIKODENX000001		Suikoden	336798944	1968a93814e0b7a6654dca68888c9ace33cf694f06f0c057ad68d9d6141bde08
NPEF00062	EU	Future Cop LAPD	http://zeus.dl.playstation.net/cdn/EP0006/NPEF00062_00/5GsQueFwrlY3kKC0t1mmQrsUTuV5YLMrVU2hy9chdd0XvWep7dNAuYhgIropwcX4xKHPIvGeFrOea9JcshAeE88MJfOMIwWRREofx.pkg	EP0006-NPEF00062_00-GFUTURECOF000001		Future Cop L.A.P.D	510301200	c066ad5a0caa20918559190560ef0e4c2214f844c81c83ba461817ef80b01dc0
NPEF00069	EU	Final Fantasy VII (English)	http://zeus.dl.playstation.net/cdn/EP0082/NPEF00069_00/aALrULuaUvJreGRAh2kBwATUvVAIpbtVxnMg1R155tUtLlOTWrkrvvuNY0VsfRcWjSIQHsLbD6bqvCAkB6lpoRaorfNAo9uEcvcUO.pkg	EP0082-NPEF00069_00-GFINALFANE000001		Final Fantasy VII	1390359328	a4fa7db556cbca778f59c6a798254316f52ba3590bd23a3234c68a89161f5beb
NPEF00070	EU	Final Fantasy VIII (German only) 	http://zeus.dl.playstation.net/cdn/EP0082/NPEF00070_00/Ut5QY0eSl97PL3IQQpCyQfnml4KMCekfEOfXmcSrsG8IO4rYTs867IDTe4wStLxbXjFLsDULkoEwwRHkwmE0aiIdUSKLFN7qpwGla.pkg	EP0082-NPEF00070_00-GFINALFANT000GER			1888182160	983d00fe85dcc48a0e6c4d49ff93f43aec538b1888384cc4b64e52a764bc78b0
NPEF00071	EU	Final Fantasy IX (German) 	http://zeus.dl.playstation.net/cdn/EP0082/NPEF00071_00/QNsN1JliHKQBIHxi5Lc6gO2X8KvJmbmCMdG0Q7oU9dRUCpH4DKQPjkbwDWyeVn6jVc0ccUVS4jRl5YSLns31BAecp2XfkXlYpKikw.pkg	EP0082-NPEF00071_00-GFINALFANT000GER		Final Fantasy IX (German) 	1599481504	d4fe2ab0d45efca154ada51841b5fc808963a4ea1ebc6c0b378e59e7ee164f3e
NPEF00108	EU	Rayman 2: The Great Escape  (Multi2: FR/DE)	http://zeus.dl.playstation.net/cdn/EP0001/NPEF00108_00/4KetxIO7cG5EqfxwSK9EV6DusfiJ2vO0GiX1SGYI8C7IVrtXBUa4j9QR7TLXl4AV3rruKHai2xu3evLn2G4uLtx61xOM3qM7j380u.pkg	EP0001-NPEF00108_00-GRAYMAN2TH000GER			377369664	6fe552a4e4b2ff6fc751b896425786a1e02eecc556fbeffb25035a908633211c
NPEF00120	EU	Tomb Raider: The Last Revelation 	http://zeus.dl.playstation.net/cdn/EP0776/NPEF00120_00/RBmNpfUleFgHXnoYEVLwmwlovwjSxsFqHqLQfryrAEIezgwYfKwyAecPomiduxLt.pkg	EP0776-NPEF00120_00-GTOMBRAIDE000ENG			505507632	d1eda94aa5f81afaef15a8e32c9f8b319cfc2c560dfc14d14947b4b111d7be0b
NPEF00198	EU	Resident Evil 2 (FR)	http://zeus.dl.playstation.net/cdn/EP0102/NPEF00198_00/ITNquQHnSVFAkstypgEfgCeYhovECpQjIluUDgJLemqSizPXphxdFgYbwTDcexjs.pkg	EP0102-NPEF00198_00-GRESIDENTE000FRE		Resident Evil 2 (FR)	0	
CUSA02269	EU	Ape Escape™ 2	http://gs2.ww.prod.dl.playstation.net/gs2/appkgo/prod/CUSA02269_00/1/f_b07610fe7d1d9c1999a05b02c35725582d7812f4fb2e34a4aa9f8e9b5343a727/f/EP9000-CUSA02269_00-SCES508850000001.json	EP9000-CUSA02269_00-SCES508850000001		Ape Escape 2	1797324800	
CUSA14221	EU	Anyone's Diary	http://gs2.ww.prod.dl.playstation.net/gs2/appkgo/prod/CUSA14221_00/18/f_621edbd1cda85f17cbccfc5c81338310505bb7ecf5055c8474e582cb4ac1345b/f/EP5099-CUSA14221_00-2018092515469844.json	EP5099-CUSA14221_00-2018092515469844		Anyone's Diary	1368195072	
CUSA00257	EU	RIGS™ Mechanized Combat League	http://gs2.ww.prod.dl.playstation.net/gs2/appkgo/prod/CUSA00257_00/3/f_2ff7def12afdf777b35c14132130ad335f8f02a6543b1ef4a1355faca5bae6b5/f/EP9000-CUSA00257_00-RIGS000000000000.json	EP9000-CUSA00257_00-RIGS000000000000		RIGS Mechanized Combat League	19965935616	
CUSA11182	EU	Firewall Zero Hour™	http://gs2.ww.prod.dl.playstation.net/gs2/appkgo/prod/CUSA11182_00/1/f_40382189de652409f42ee67a4930233c537a348a9fc4c94fafff7cf631586022/f/EP9000-CUSA11182_00-FIREWALL00000000.json	EP9000-CUSA11182_00-FIREWALL00000000		Firewall Zero Hour	10406133760	
CUSA10647	EU	Flipy's Tesla	http://gs2.ww.prod.dl.playstation.net/gs2/appkgo/prod/CUSA10647_00/10/f_00a034c5469b04f5ab73c88de875da2292b6b4e80cad6e1bf0788e553bd85fab/f/EP8840-CUSA10647_00-2510201771020152.json	EP8840-CUSA10647_00-2510201771020152		Flipy's Tesla	616824832	
CUSA12173	EU	CoolPaintr VR	http://gs2.ww.prod.dl.playstation.net/gs2/appkgo/prod/CUSA12173_00/3/f_43f8750a39b3def9ad1d8a4bc0f596921267f6a2a73008a85b79adf386d213a9/f/EP5044-CUSA12173_00-CPSIEESNFG000100.json	EP5044-CUSA12173_00-CPSIEESNFG000100		CoolPaintr VR	82771968	
CUSA02350	EU	Until Dawn™: Rush of Blood	http://gs2.ww.prod.dl.playstation.net/gs2/appkgo/prod/CUSA02350_00/6/f_50bd8dcd00df607d6ba54616d6e23f5bfeda3f445a9caeb0372d317791e15839/f/EP9000-CUSA02350_00-RUSHOFBLOOD00001.json	EP9000-CUSA02350_00-RUSHOFBLOOD00001		Until Dawn: Rush of Blood	13262913536	
CUSA17764	EU	WatchVR	http://gs2.ww.prod.dl.playstation.net/gs2/appkgo/prod/CUSA17764_00/11/f_0de986feb4b53a1a0e0a84fa72a80763e0db5daa500a3334c580d76bf4283e31/f/EP5836-CUSA17764_00-7889099380908104.json	EP5836-CUSA17764_00-7889099380908104		WatchVR	2856583168	
CUSA18181	EU	GOT7 LOVE LOOP VR	http://gs2.ww.prod.dl.playstation.net/gs2/appkgo/prod/CUSA18181_00/1/f_467f8e09ef912732911fbc16b4fe2881454bd22deee3a3ba03358ac4ab38db72/f/EP3778-CUSA18181_00-GOT7LOVELOOPVREU.json	EP3778-CUSA18181_00-GOT7LOVELOOPVREU		GOT7 LOVE LOOP VR	3116630016	
CUSA16267	EU	Blood & Truth Demo	http://gs2.ww.prod.dl.playstation.net/gs2/appkgo/prod/CUSA16267_00/2/f_df67a3e74836e9fd62073b72a39cd589366507cdd2baeb04f1eab7783eec495f/f/EP9000-CUSA16267_00-0000000000000000.json	EP9000-CUSA16267_00-0000000000000000		Blood & Truth Demo	10836967424	
CUSA16524	EU	Spider-Man: Far From Home VR	http://gs2.ww.prod.dl.playstation.net/gs2/appkgo/prod/CUSA16524_00/3/f_ad827b19df3f03ee9da285f47a7bf101790508fae342ab1300a2c82c01e36798/f/EP3295-CUSA16524_00-SPIDERMANFFHPSVR.json	EP3295-CUSA16524_00-SPIDERMANFFHPSVR		Spider-Man: Far From Home VR	2100101120	
CUSA11803	EU	NextVR	http://gs2.ww.prod.dl.playstation.net/gs2/appkgo/prod/CUSA11803_00/6/f_d0ab4c20b07089b0b82805aaca1941f5333d83c60e207a736b244768daedf5fe/f/EP4873-CUSA11803_00-NEXTVRPSVR000001.json	EP4873-CUSA11803_00-NEXTVRPSVR000001		NextVR	28311552	
CUSA15474	EU	Everybody's Golf VR Demo	http://gs2.ww.prod.dl.playstation.net/gs2/appkgo/prod/CUSA15474_00/1/f_223b1306d0c118cb214107db7f1557a33b3c83c555339813713b41577aebd008/f/EP9000-CUSA15474_00-EBGT00000000EU01.json	EP9000-CUSA15474_00-EBGT00000000EU01		Everybody's Golf VR Demo	4140695552	
CUSA15063	EU	KINGDOM HEARTS:VR Experience	http://gs2.ww.prod.dl.playstation.net/gs2/appkgo/prod/CUSA15063_00/1/f_f80e0435b4767fce2a87b4db741d6d83b7dc9c1ce2ca33807058589b6ef51651/f/EP0082-CUSA15063_00-KINGDOMHEARTSVRX.json	EP0082-CUSA15063_00-KINGDOMHEARTSVRX		KINGDOM HEARTS:VR Experience	3249864704	
CUSA13009	EU	Eden-Tomorrow: Demo	http://gs2.ww.prod.dl.playstation.net/gs2/appkgo/prod/CUSA13009_00/4/f_a5421b0bf52374e6eb0384f5b9723574c22bf90632fb570f5b129a00ebbb1a9c/f/EP2299-CUSA13009_00-ETDEMO0000000002.json	EP2299-CUSA13009_00-ETDEMO0000000002		Eden-Tomorrow: Demo	1788870656	
CUSA13548	EU	3M SPAIN FOUNDATION - STEM+VR	http://gs2.ww.prod.dl.playstation.net/gs2/appkgo/prod/CUSA13548_00/14/f_46e1e137fa9aaa8786bc96e0019a0ec78fff358c978dd3e5a7a284ff0abcc30e/f/EP4595-CUSA13548_00-0000000000000000.json	EP4595-CUSA13548_00-0000000000000000		3M SPAIN FOUNDATION - STEM+VR	2240610304	
CUSA13707	EU	Legends of Catalonia	http://gs2.ww.prod.dl.playstation.net/gs2/appkgo/prod/CUSA13707_00/10/f_c07e24b8201bd724a03de4f9a1c5f071f59b3a5e6e68af0618f3062bd3ef19ad/f/EP5327-CUSA13707_00-0000000000000001.json	EP5327-CUSA13707_00-0000000000000001		Legends of Catalonia	3838967808	
CUSA13202	EU	We Happy Few: Uncle Jack Live VR	http://gs2.ww.prod.dl.playstation.net/gs2/appkgo/prod/CUSA13202_00/1/f_e2ec491c1ad262a562253a7f32747e48534cf1dcb8e8d25236b4175c37f80817/f/EP0290-CUSA13202_00-WEHAPPYFEWVR0000.json	EP0290-CUSA13202_00-WEHAPPYFEWVR0000		We Happy Few: Uncle Jack Live VR	5097717760	
CUSA13046	EU	Tom Grennan VR	http://gs2.ww.prod.dl.playstation.net/gs2/appkgo/prod/CUSA13046_00/4/f_3fb6369edfdf5ed02c28e0128dc02b821fda30b29a5b11c0e1e714fd89fa9ee3/f/EP9000-CUSA13046_00-0000TOMGRENNANVR.json	EP9000-CUSA13046_00-0000TOMGRENNANVR		Tom Grennan VR	768081920	
CUSA12485	EU	Apex Construct Demo	http://gs2.ww.prod.dl.playstation.net/gs2/appkgo/prod/CUSA12485_00/1/f_988324ccec446a79a949348f883dd7e6fe4f10e00283d7b01f1c19e33682f8a8/f/EP2907-CUSA12485_00-0000000000000000.json	EP2907-CUSA12485_00-0000000000000000		Apex Construct Demo	1318060032	
CUSA09081	EU	Kygo 'Carry Me' VR Experience	http://gs2.ww.prod.dl.playstation.net/gs2/appkgo/prod/CUSA09081_00/1/f_bba03595b7b12be26acf508a341cd36ade85ffee1aa6246308dbd5f95061720b/f/EP3778-CUSA09081_00-KYGOPSVRKYGOPSVR.json	EP3778-CUSA09081_00-KYGOPSVRKYGOPSVR		Kygo 'Carry Me' VR Experience	1108541440	
CUSA10384	EU	The Last Guardian™ VR DEMO	http://gs2.ww.prod.dl.playstation.net/gs2/appkgo/prod/CUSA10384_00/1/f_53825ab54a922b01cdb8e75f74bb5cf4a76a7779be7c6d0a88db33f47ee438fd/f/EP9000-CUSA10384_00-LASTGUARDIANVREU.json	EP9000-CUSA10384_00-LASTGUARDIANVREU		The Last Guardian VR DEMO	1321271296	
CUSA10298	EU	Stranger Things The VR Experience	http://gs2.ww.prod.dl.playstation.net/gs2/appkgo/prod/CUSA10298_00/6/f_5311a4405278fc5b226562918c8edf032536532920e4d48b5b32dd36feb2c45a/f/EP4350-CUSA10298_00-STRANGERTHINGSVR.json	EP4350-CUSA10298_00-STRANGERTHINGSVR		Stranger Things The VR Experience	3051945984	
CUSA11091	EU	THE ILLUSIONIST-ANDRES INIESTA	http://gs2.ww.prod.dl.playstation.net/gs2/appkgo/prod/CUSA11091_00/2/f_9f88f36cd392ce7b66540bbf70cb8183c974dbdc64a05d4cd59ffb4573c9bf44/f/EP1483-CUSA11091_00-ANDRESINIESTA0VR.json	EP1483-CUSA11091_00-ANDRESINIESTA0VR		THE ILLUSIONIST-ANDRES INIESTA	593625088	
CUSA09159	EU	PlayStation®VR Demo Disc 2	http://gs2.ww.prod.dl.playstation.net/gs2/appkgo/prod/CUSA09159_00/1/f_207844d911ab6c4f2eb0e026770255344a057bfa00fce6da43ea4b2e6dfb6290/f/EP9000-CUSA09159_00-PSVRDEMODISC0002.json	EP9000-CUSA09159_00-PSVRDEMODISC0002		PlayStation VR Demo Disc 2	15208742912	
CUSA10017	EU	The Ministry of Time VR: Save the time	http://gs2.ww.prod.dl.playstation.net/gs2/appkgo/prod/CUSA10017_00/8/f_bca1efb9a281a19f7959e6554737e97c3925b3c2fdedd9c95e0047d21d6505dd/f/EP2405-CUSA10017_00-0000000000000000.json	EP2405-CUSA10017_00-0000000000000000		The Ministry of Time VR: Save the time	2054684672	
CUSA06929	EU	Statik	http://gs2.ww.prod.dl.playstation.net/gs2/appkgo/prod/CUSA06929_00/4/f_5d46af49f5c04723f3a9191ea0fcf307f099e638e10340a408cc042ce6107abc/f/EP2462-CUSA06929_00-STATIKSIEE000001.json	EP2462-CUSA06929_00-STATIKSIEE000001		Statik	1174470656	
CUSA08585	EU	Spider-Man: Homecoming VR	http://gs2.ww.prod.dl.playstation.net/gs2/appkgo/prod/CUSA08585_00/2/f_ecba7619167bf1db6859d92c0f660e66a07d455da8f151edf0c706ce095c5d2c/f/EP3295-CUSA08585_00-SPIDERMANHOMECVR.json	EP3295-CUSA08585_00-SPIDERMANHOMECVR		Spider-Man: Homecoming VR	744620032	
CUSA07264	EU	VirZOOM Arcade	http://gs2.ww.prod.dl.playstation.net/gs2/appkgo/prod/CUSA07264_00/6/f_653fb282dfe1d90058b18aaca781328a60f480a7b1b96e10640991d6df95832b/f/EP0978-CUSA07264_00-VIRZOOMPS4000000.json	EP0978-CUSA07264_00-VIRZOOMPS4000000		VirZOOM Arcade	1988820992	
CUSA07204	EU	Within	http://gs2.ww.prod.dl.playstation.net/gs2/appkgo/prod/CUSA07204_00/1/f_d9104af461a6ca8d599da91bbaab4e3d80465beb460bb8aa097b41f95f8958db/f/EP2869-CUSA07204_00-WITHINUNLIMITED4.json	EP2869-CUSA07204_00-WITHINUNLIMITED4		Within	141557760	
CUSA07414	EU	Joshua Bell VR	http://gs2.ww.prod.dl.playstation.net/gs2/appkgo/prod/CUSA07414_00/1/f_a6a10b08cb86512b5e1f2d20aac41492ebf0ccb427e76cc81591ba2b2bd9ed64/f/EP9000-CUSA07414_00-JOSHUABELLVR0000.json	EP9000-CUSA07414_00-JOSHUABELLVR0000		Joshua Bell VR	872022016	
CUSA06821	EU	Allumette	http://gs2.ww.prod.dl.playstation.net/gs2/appkgo/prod/CUSA06821_00/3/f_506c0f05f4dd054e7b670007ab53658ec89f5abc7c3477302a4d4b598acec217/f/EP2893-CUSA06821_00-PENROSEALLUMETTE.json	EP2893-CUSA06821_00-PENROSEALLUMETTE		Allumette	917176320	
CUSA05331	EU	SUPERHYPERCUBE	http://gs2.ww.prod.dl.playstation.net/gs2/appkgo/prod/CUSA05331_00/1/f_12d2497358d883b01917b688fff2a2b4360d56d5eb4674282dc859a05673aced/f/EP4427-CUSA05331_00-SUPERHYPERCUBE01.json	EP4427-CUSA05331_00-SUPERHYPERCUBE01		SUPERHYPERCUBE	223739904	
CUSA05930	EU	Hatsune Miku: VR Future Live	http://gs2.ww.prod.dl.playstation.net/gs2/appkgo/prod/CUSA05930_00/1/f_e6214e67fad12001298cb7fd0d6c0c2b321e0a00cd65fefbc7749ef3600af603/f/EP0177-CUSA05930_00-PDJVRLIVE3939393.json	EP0177-CUSA05930_00-PDJVRLIVE3939393		Hatsune Miku: VR Future Live	740687872	
CUSA06761	EU	Invasion!	http://gs2.ww.prod.dl.playstation.net/gs2/appkgo/prod/CUSA06761_00/4/f_e6e12def504989f6c7cde68410b6294f360ec81928ace9f4761e0c007e63b0fc/f/EP2906-CUSA06761_00-INVASIONPSVREP01.json	EP2906-CUSA06761_00-INVASIONPSVREP01		Invasion!	1368850432	
CUSA04145	EU	Tumble VR	http://gs2.ww.prod.dl.playstation.net/gs2/appkgo/prod/CUSA04145_00/7/f_ccd9cfd4bf9b00e0236d51657919914af2ac8c14913b16a37ce97b39fa9871dc/f/EP9000-CUSA04145_00-TUMBLEVR00000001.json	EP9000-CUSA04145_00-TUMBLEVR00000001		Tumble VR	2844655616	
CUSA06853	EU	PlayStation®VR Demo	http://gs2.ww.prod.dl.playstation.net/gs2/appkgo/prod/CUSA06853_00/1/f_e2f06d94df11593264b8347393e07aa88f6820a14d8f6cfde84349cb6b468fad/f/EP9000-CUSA06853_00-PSVRDEMODISCDIG1.json	EP9000-CUSA06853_00-PSVRDEMODISCDIG1		PlayStation VR Demo	33416019968	
CUSA02197	US	Wild Arms™ 3	http://gs2.ww.prod.dl.playstation.net/gs2/appkgo/prod/CUSA02197_00/2/f_234a07384a10de36a741a97d351e0140696544d4ce7a55a3ab8ea18d81762fa2/f/UP9000-CUSA02197_00-SCUS972030000001.json	UP9000-CUSA02197_00-SCUS972030000001		Wild Arms 3	2277441536	
CUSA02522	US	Jak and Daxter: The Precursor Legacy™	http://gs2.ww.prod.dl.playstation.net/gs2/appkgo/prod/CUSA02522_00/1/f_722600d230595a46c9717500ca32070f3e403e325e142fc972a5ca2eb5a323d2/f/UP9000-CUSA02522_00-SCUS971240000001.json	UP9000-CUSA02522_00-SCUS971240000001		Jak and Daxter: The Precursor Legacy	977010688	
CUSA04778	US	Star Ocean®: Till The End Of Time™	http://gs2.ww.prod.dl.playstation.net/gs2/appkgo/prod/CUSA04778_00/1/f_9d4a312a1b7a43e856b2941a0e4b42639784332e423e556fc2e23f6e8cfc4ba7/f/UP0082-CUSA04778_00-SLUS204880000001.json	UP0082-CUSA04778_00-SLUS204880000001		Star Ocean: Till The End Of Time	8445624320	
CUSA06402	US	Red Faction	http://gs2.ww.prod.dl.playstation.net/gs2/appkgo/prod/CUSA06402_00/1/f_6596ec8b29d831634932abb1c64922d91f331b3fdc8ab3d75834513ddbe88ec9/f/UP4389-CUSA06402_00-SLUS200730000001.json	UP4389-CUSA06402_00-SLUS200730000001		Red Faction	1366622208	
CUSA01728	US	Dark Cloud™	http://gs2.ww.prod.dl.playstation.net/gs2/appkgo/prod/CUSA01728_00/1/f_4a6d9e8f7a4cb730741584d23a7d81d8bb4e5760da9432e0699cbad301b06513/f/UP9000-CUSA01728_00-SCUS971110000001.json	UP9000-CUSA01728_00-SCUS971110000001		Dark Cloud	1041498112	
CUSA02037	US	Dark Cloud™ 2	http://gs2.ww.prod.dl.playstation.net/gs2/appkgo/prod/CUSA02037_00/1/f_742822f39582476d8920c099050d3cadd9fbccd9bd417eaa353aeb3cea3ec4dc/f/UP9000-CUSA02037_00-SCUS972130000001.json	UP9000-CUSA02037_00-SCUS972130000001		Dark Cloud 2	3108306944	
CUSA01729	US	The Mark of Kri™	http://gs2.ww.prod.dl.playstation.net/gs2/appkgo/prod/CUSA01729_00/1/f_663d7d57bdde5779e7d0dc593f909d3b3e1896a92159a6c1936bb8e3648faeb1/f/UP9000-CUSA01729_00-SCUS971400000001.json	UP9000-CUSA01729_00-SCUS971400000001		The Mark of Kri	2351562752	
CUSA02195	US	Rogue Galaxy™	http://gs2.ww.prod.dl.playstation.net/gs2/appkgo/prod/CUSA02195_00/1/f_3a8ca65c45a987d8d8284c684393785a4edd86fa0fb7b393a70b79de5b87d67f/f/UP9000-CUSA02195_00-SCUS974900000001.json	UP9000-CUSA02195_00-SCUS974900000001		Rogue Galaxy	5530124288	
CUSA01730	US	Rise of the Kasai™	http://gs2.ww.prod.dl.playstation.net/gs2/appkgo/prod/CUSA01730_00/1/f_d5062431626aaadb252dde39c44a0f7541030ba4936460412a33c3c3bd10e56a/f/UP9000-CUSA01730_00-SCUS974160000001.json	UP9000-CUSA01730_00-SCUS974160000001		Rise of the Kasai	2828926976	
CUSA18846	EU	Mortal Blitz : Combat Arena	http://gs2.ww.prod.dl.playstation.net/gs2/appkgo/prod/CUSA18846_00/5/f_844d972c6cf4e62e7d1f68ee19f8bf231877f114477d9705edb570ccc2c6a8f1/f/EP1625-CUSA18846_00-SKOMORTALBLITZCA.json	EP1625-CUSA18846_00-SKOMORTALBLITZCA		Mortal Blitz : Combat Arena	3219783680	
CUSA19230	EU	Pistol Whip	http://gs2.ww.prod.dl.playstation.net/gs2/appkgo/prod/CUSA19230_00/5/f_c66e6785bd04e44d91322459c0f29ea07ed0e6af4aeb3dee76d54700683475d7/f/EP0168-CUSA19230_00-CHGVPIWHPSEU0001.json	EP0168-CUSA19230_00-CHGVPIWHPSEU0001		Pistol Whip	726859776	
CUSA20195	EU	Paper Beast Demo	http://gs2.ww.prod.dl.playstation.net/gs2/appkgo/prod/CUSA20195_00/2/f_784f49a4f830e7a6812ffa63d32e459232546407db4f6907ef822b667a014172/f/EP3265-CUSA20195_00-PAPERBEAST00DEMO.json	EP3265-CUSA20195_00-PAPERBEAST00DEMO		Paper Beast Demo	2509635584	
CUSA18367	EU	Last Labyrinth Demo	http://gs2.ww.prod.dl.playstation.net/gs2/appkgo/prod/CUSA18367_00/1/f_8b42dde7a30aa40c2fd1eebaf09f1711d09b91328fc96c29261d65ba6276a683/f/EP1177-CUSA18367_00-LASTLABYRINTHDEM.json	EP1177-CUSA18367_00-LASTLABYRINTHDEM		Last Labyrinth Demo	1308688384	
CUSA14911	EU	"Hikaru Utada Laughter in the Dark Tour 2018 - ""HIKARI"" & ""CHIKAI"" - VR"	http://gs2.ww.prod.dl.playstation.net/gs2/appkgo/prod/CUSA14911_00/1/f_9d7fac0699239769abbdfe00f7b8d686241e916500e7c56556eab2cb27ec1286/f/EP9000-CUSA14911_00-HIKARUUTADALIDVR.json	EP9000-CUSA14911_00-HIKARUUTADALIDVR		Hikaru Utada Laughter in the Dark Tour 2018 - "HIKARI" & "CHIKAI" - VR	11966218240	
CUSA13560	EU	ASTRO BOT Rescue Mission Demo	http://gs2.ww.prod.dl.playstation.net/gs2/appkgo/prod/CUSA13560_00/1/f_b64c7454a1dfea14bf9b1fdb72f7291e0ab88cae83f6a60963c67f38c610b625/f/EP9000-CUSA13560_00-PFVRDEMO000000EU.json	EP9000-CUSA13560_00-PFVRDEMO000000EU		ASTRO BOT Rescue Mission Demo	2086273024	
CUSA09080	EU	Chainsmokers	http://gs2.ww.prod.dl.playstation.net/gs2/appkgo/prod/CUSA09080_00/1/f_96795495e50c56f46c0173804acd3e445248a390d4b4a12fd27f585da1a6889d/f/EP3778-CUSA09080_00-CHAINSMOKERSVRXX.json	EP3778-CUSA09080_00-CHAINSMOKERSVRXX		Chainsmokers	592052224	
CUSA06493	EU	Lens VR	http://gs2.ww.prod.dl.playstation.net/gs2/appkgo/prod/CUSA06493_00/17/f_35b2c918ab2b5344ced80308d3dc7b02c96f1078f9414509f18443e508213bf0/f/EP1881-CUSA06493_00-LENSPSVR0V010000.json	EP1881-CUSA06493_00-LENSPSVR0V010000		Lens VR	31457280	
CUSA02077	EU	Primal™	http://gs2.ww.prod.dl.playstation.net/gs2/appkgo/prod/CUSA02077_00/1/f_82ce4c82a97af3b3fbdfbdfbd5feefc44b5b6c6cb59b026bce4f8d3dd3bbc70b/f/EP9000-CUSA02077_00-SCES511350000001.json	EP9000-CUSA02077_00-SCES511350000001		Primal	3659268096	
CUSA15531	US	Mortal Blitz : Combat Arena	http://gs2.ww.prod.dl.playstation.net/gs2/appkgo/prod/CUSA15531_00/13/f_b729b203653707b8a88ccf19ee75e050a144b17b795ce3905da75b3c3a285228/f/UP1639-CUSA15531_00-SKOMORTALBLITZCA.json	UP1639-CUSA15531_00-SKOMORTALBLITZCA		Mortal Blitz : Combat Arena	3219783680	
CUSA23499	US	WatchVR	http://gs2.ww.prod.dl.playstation.net/gs2/appkgo/prod/CUSA23499_00/6/f_8800d5d199b68e1ead02cda4f859f45e11993e537e18086f648cea9554f95da7/f/UP5654-CUSA23499_00-4018718446832574.json	UP5654-CUSA23499_00-4018718446832574		WatchVR	2874343424	
CUSA06780	US	Gary The Gull	http://gs2.ww.prod.dl.playstation.net/gs2/appkgo/prod/CUSA06780_00/6/f_188cc2e7df4350db9020093d08a6fb382d740a21c66706e4bce6ae249dfe4fa0/f/UP1176-CUSA06780_00-NPXXNPXXNPXXNPXX.json	UP1176-CUSA06780_00-NPXXNPXXNPXXNPXX		Gary The Gull	771620864	
CUSA18224	US	Marvel's Iron Man VR - Demo	http://gs2.ww.prod.dl.playstation.net/gs2/appkgo/prod/CUSA18224_00/7/f_ffe9668611a4d2559c6804497e5ea9e8a5172b4883ac1add9253b1cb59cc2194/f/UP9000-CUSA18224_00-MIMVRDEMO0000001.json	UP9000-CUSA18224_00-MIMVRDEMO0000001		Marvel's Iron Man VR - Demo	16608002048	
CUSA06167	US	VirZOOM Arcade	http://gs2.ww.prod.dl.playstation.net/gs2/appkgo/prod/CUSA06167_00/14/f_9973e6d13a2271c499764d2aec89644c4cca2b6b887ee8046db7cf068c50883a/f/UP0976-CUSA06167_00-VIRZOOMPS4000000.json	UP0976-CUSA06167_00-VIRZOOMPS4000000		VirZOOM Arcade	2567176192	
CUSA09142	US	PlayStation®VR Demo Disc 2	http://gs2.ww.prod.dl.playstation.net/gs2/appkgo/prod/CUSA09142_00/5/f_240d9672d48373e136a0190a356d2a22beed1fb9321d5578b340acdc76c3a236/f/UP9000-CUSA09142_00-PSVRDEMODISC0002.json	UP9000-CUSA09142_00-PSVRDEMODISC0002		PlayStation VR Demo Disc 2	15209070592	
CUSA13490	US	PlayStation®VR Demo Disc 3	http://gs2.ww.prod.dl.playstation.net/gs2/appkgo/prod/CUSA13490_00/2/f_e8d861478703ed8b8648add3c4de4e4b9094e4b73e0ae3f82a3785c499b8435e/f/UP9000-CUSA13490_00-PSVRDEMODISK0003.json	UP9000-CUSA13490_00-PSVRDEMODISK0003		PlayStation VR Demo Disc 3	13083738112	
CUSA04579	US	PlayStation®VR Demo Disc	http://gs2.ww.prod.dl.playstation.net/gs2/appkgo/prod/CUSA04579_00/3/f_d46a21e63648ffc81ee638fe01a9d028b261cb36881580465853436c23ba73a3/f/UP9000-CUSA04579_00-PSVRDEMODISC0001.json	UP9000-CUSA04579_00-PSVRDEMODISC0001		PlayStation VR Demo Disc	38952960000	
CUSA10479	US	The Last Guardian VR DEMO	http://gs2.ww.prod.dl.playstation.net/gs2/appkgo/prod/CUSA10479_00/1/f_a0e9b40008b7e351330c22e471c01dcd7c5b03df66bd4fcb95002a116d3ce986/f/UP9000-CUSA10479_00-LASTGUARDIANVRUS.json	UP9000-CUSA10479_00-LASTGUARDIANVRUS		The Last Guardian VR DEMO	1321271296	
CUSA10516	US	THE ILLUSIONIST-ANDRES INIESTA	http://gs2.ww.prod.dl.playstation.net/gs2/appkgo/prod/CUSA10516_00/2/f_6e445b4766e056eb7d328308355386d49204c737c438b918fae1d28169763eed/f/UP1496-CUSA10516_00-ANDRESINIESTA0VR.json	UP1496-CUSA10516_00-ANDRESINIESTA0VR		THE ILLUSIONIST-ANDRES INIESTA	593625088	
CUSA13206	US	We Happy Few: Uncle Jack Live VR	http://gs2.ww.prod.dl.playstation.net/gs2/appkgo/prod/CUSA13206_00/3/f_51d2c3d42a10f4f51d833abfefb606d0371a1f0cf5d0baa5ce34cef2704df181/f/UP0292-CUSA13206_00-WEHAPPYFEWVR0000.json	UP0292-CUSA13206_00-WEHAPPYFEWVR0000		We Happy Few: Uncle Jack Live VR	5097717760	
CUSA13869	US	Legends of Catalonia	http://gs2.ww.prod.dl.playstation.net/gs2/appkgo/prod/CUSA13869_00/5/f_63ede8bb4a0af97a68d59d5be910f955fd5009c8a89a9b7a4fd92c9c2353e99d/f/UP5147-CUSA13869_00-0000000000000001.json	UP5147-CUSA13869_00-0000000000000001		Legends of Catalonia	3838967808	
CUSA14043	US	Crow: The Legend	http://gs2.ww.prod.dl.playstation.net/gs2/appkgo/prod/CUSA14043_00/5/f_483f9264edb11ade596377c9aa227fa6532babe050bd923b38a4d82e47791d2b/f/UP8822-CUSA14043_00-CROWTHELEGEND001.json	UP8822-CUSA14043_00-CROWTHELEGEND001		Crow: The Legend	3696558080	
CUSA04771	US	Hatsune Miku: VR Future Live	http://gs2.ww.prod.dl.playstation.net/gs2/appkgo/prod/CUSA04771_00/1/f_b4b7c1db09504938b157d85dfc86f3b2f0e7306d2c4a150b2d832a691afa4c4c/f/UP0177-CUSA04771_00-PDJVRLIVE3939393.json	UP0177-CUSA04771_00-PDJVRLIVE3939393		Hatsune Miku: VR Future Live	740687872	
CUSA18137	US	GOT7 LOVE LOOP VR	http://gs2.ww.prod.dl.playstation.net/gs2/appkgo/prod/CUSA18137_00/2/f_5715b9a1f5879e46eeb34775173fb544a87c04386c097c42d2b9bcfa542d5bea/f/UP8828-CUSA18137_00-GOT7LOVELOOPVRUS.json	UP8828-CUSA18137_00-GOT7LOVELOOPVRUS		GOT7 LOVE LOOP VR	3116630016	
CUSA07936	US	Air Force Special Ops: Nightfall	http://gs2.ww.prod.dl.playstation.net/gs2/appkgo/prod/CUSA07936_00/6/f_77b7050887dc1fde45a50cf6efae8ad974ce7dc79313d97c7ca75f161547e6f5/f/UP9000-CUSA07936_00-NIGHTFALL0000000.json	UP9000-CUSA07936_00-NIGHTFALL0000000		Air Force Special Ops: Nightfall	2451374080	
CUSA14003	US	Fate/Grand Order VR feat. Mash Kyrielight	http://gs2.ww.prod.dl.playstation.net/gs2/appkgo/prod/CUSA14003_00/3/f_b28c3bbfc323034bcd8f08d7079af2fd806b179eb83c57fb0fe64ae2bf4cb893/f/UP3332-CUSA14003_00-APPLICATION00000.json	UP3332-CUSA14003_00-APPLICATION00000		Fate/Grand Order VR feat. Mash Kyrielight	2532704256	
CUSA18184	US	3M SPAIN FOUNDATION - STEM+VR	http://gs2.ww.prod.dl.playstation.net/gs2/appkgo/prod/CUSA18184_00/6/f_87ae02361981fc0c3805e5130d211e59b4651b0ae32738c906e39c09c6bebe92/f/UP4343-CUSA18184_00-0000000000000000.json	UP4343-CUSA18184_00-0000000000000000		3M SPAIN FOUNDATION - STEM+VR	1792147456	
CUSA06832	US	Jackal Assault	http://gs2.ww.prod.dl.playstation.net/gs2/appkgo/prod/CUSA06832_00/3/f_83b17e6013063eccd8d402fcd93beb15143488b3e3b0b5d7d193a0e95ddffd81/f/UP0002-CUSA06832_00-CALLOFDUTYJACKAL.json	UP0002-CUSA06832_00-CALLOFDUTYJACKAL		Jackal Assault	1240596480	
CUSA07327	US	Joshua Bell VR	http://gs2.ww.prod.dl.playstation.net/gs2/appkgo/prod/CUSA07327_00/2/f_e23021501194b68dbc0c84bfb4db5c7d29a2db68bc5311548328cff98cd4e0bd/f/UP9000-CUSA07327_00-JOSHUABELLVR0000.json	UP9000-CUSA07327_00-JOSHUABELLVR0000		Joshua Bell VR	872022016	
CUSA15095	US	KINGDOM HEARTS:VR Experience	http://gs2.ww.prod.dl.playstation.net/gs2/appkgo/prod/CUSA15095_00/1/f_d51d3fe56458dc43b01b6c2cd7a3033728691333c0dbd98b4f05d3b355084465/f/UP0082-CUSA15095_00-KINGDOMHEARTSVRX.json	UP0082-CUSA15095_00-KINGDOMHEARTSVRX		KINGDOM HEARTS:VR Experience	3249864704	
CUSA17949	US	Space Channel 5 VR Kinda Funky News Flash!	http://gs2.ww.prod.dl.playstation.net/gs2/appkgo/prod/CUSA17949_00/2/f_4e1ca92565fb445450444a6a060aea24b4b529438a9d9a0a82dddf47fd379c7b/f/UP4978-CUSA17949_00-SCV002DEMO000000.json	UP4978-CUSA17949_00-SCV002DEMO000000		Space Channel 5 VR Kinda Funky News Flash!	865533952	
CUSA14546	US	Spider-Man: Far From Home VR	http://gs2.ww.prod.dl.playstation.net/gs2/appkgo/prod/CUSA14546_00/6/f_2ef54891788a6fa6c8bff5ba351edea0907f761897203b90957800fe4645ec05/f/UP8825-CUSA14546_00-SPIDERMANFFHPSVR.json	UP8825-CUSA14546_00-SPIDERMANFFHPSVR		Spider-Man: Far From Home VR	2096889856	
CUSA15688	EU	Last Labyrinth	http://gs2.ww.prod.dl.playstation.net/gs2/appkgo/prod/CUSA15688_00/2/f_8994b0df12dd2ce912bc6ab37f0547854eb5f7e0d7f23d9150305b313cc6a26d/f/EP1177-CUSA15688_00-0000000000000000.json	EP1177-CUSA15688_00-0000000000000000		Last Labyrinth	6054084608	
CUSA08404	EU	Chernobyl VR Project	http://gs2.ww.prod.dl.playstation.net/gs2/appkgo/prod/CUSA08404_00/7/f_6687714c5c2c7df1d44981df26b8aa620bcaf8c869655b7e57f348d4c68a3646/f/EP4495-CUSA08404_00-CHERNOBYLPROJECT.json	EP4495-CUSA08404_00-CHERNOBYLPROJECT		Chernobyl VR Project	7950172160	
CUSA08933	EU	Skyrim VR	http://gs2.ww.prod.dl.playstation.net/gs2/appkgo/prod/CUSA08933_00/1/f_931bf8c5f59e8f09c7b2ae47beb88496bfee1142e970416746ead4599da0ec9d/f/EP1003-CUSA08933_00-SKYRIMVR00000000.json	EP1003-CUSA08933_00-SKYRIMVR00000000		Skyrim VR	32783859712	
CUSA05930	EU	Hatsune Miku: VR Future Live 3rd Stage	http://gs2.ww.prod.dl.playstation.net/gs2/acpkgo/prod/CUSA05930_00/3/f_0fb3bde605c73d60a18c30ffe4a5f4b2379ec3c24f6cbe25924b573954000ef7/f/EP0177-CUSA05930_00-PDJVRLIVEPACK003.json	EP0177-CUSA05930_00-PDJVRLIVEPACK003		Hatsune Miku: VR Future Live 3rd Stage	766181376	
CUSA05930	EU	Hatsune Miku: VR Future Live 2nd Stage	http://gs2.ww.prod.dl.playstation.net/gs2/acpkgo/prod/CUSA05930_00/1/f_bf14ccea4b822283be5b013ab18e8ab41483d3667732570b88676239f290bf62/f/EP0177-CUSA05930_00-PDJVRLIVEPACK002.json	EP0177-CUSA05930_00-PDJVRLIVEPACK002		Hatsune Miku: VR Future Live 2nd Stage	614989824	
CUSA03546	EU	Grand Theft Auto: Vice City®	http://gs2.ww.prod.dl.playstation.net/gs2/appkgo/prod/CUSA03546_00/2/f_c0a865f8c54fa362ff63aea3e64a3e1566d6d5d6a8e37633e7902d382b48a58c/f/EP1004-CUSA03546_00-SLES510610000001.json	EP1004-CUSA03546_00-SLES510610000001		Grand Theft Auto: Vice City	2938109952	
CUSA03550	EU	Grand Theft Auto 3	http://gs2.ww.prod.dl.playstation.net/gs2/appkgo/prod/CUSA03550_00/1/f_02a376d52806aab209c0c48abb5a4cd17827e1041c29eafc5fa27e25fb6c85c9/f/EP1004-CUSA03550_00-SLES503300000001.json	EP1004-CUSA03550_00-SLES503300000001		Grand Theft Auto 3	1596456960	
CUSA03541	EU	Grand Theft Auto: San Andreas®	http://gs2.ww.prod.dl.playstation.net/gs2/appkgo/prod/CUSA03541_00/2/f_9a0f4ba1168dc2fb91da587b84a7e8a1a31c7e55046144e0409affcdda2c3410/f/EP1004-CUSA03541_00-SLES525410000001.json	EP1004-CUSA03541_00-SLES525410000001		Grand Theft Auto: San Andreas	3210149888	
UCUS98721	US	PATAPON™ Demo	http://zeus.dl.playstation.net/cdn/UP9000/UCUS98721_00/Be00wocvcQAe5KgtHJsU3rSQnDRNdMYqokU9B2gD8LMn3ntUsdevCE3teUHw1mfymUcnSUv5GTInsnVxhx7c1D7yL95vwVbGLMJvp.pkg	UP9000-UCUS98721_00-PATAPONPSNDEMO08		PATAPON TRIAL VERSION	41762416	
NPUG80061	US	Ape Quest™ PSP® Starter Pack	http://zeus.dl.playstation.net/cdn/UP9000/NPUG80061_00/bvbD25XkEO4fW2aguCJuBhbBhkdWXdFcrJlhMF69hxPSq33eS9LevTh6dYpn7ORNCNUurWxCFdbW2RrhOUmoOw6RcBu1qGVCWpfUC.pkg	UP9000-NPUG80061_00-0000000000000001		APE QUEST	244180064	
NPUH90066	US	Metal Gear Solid® Peace Walker Demo	http://zeus.dl.playstation.net/cdn/UP0101/NPUH90066_00/0u7LH4PtOm3a4Mgp7exQUH6y7yf1cVw8PXGgfBeNIoqDoICSmsiDhuoqE2kFQEmXRWtOBCVakXqJawM1LNQS5jSS4bY6xlUfVDaHM.pkg	UP0101-NPUH90066_00-MGPEACEWALKRDEMO		METAL GEAR SOLID PEACE WALKER DEMO-OPS	108003376	
NPHJ00137	ASIA	METAL GEAR SOLID	http://zeus.dl.playstation.net/cdn/HP0101/NPHJ00137_00/lJ59lwhbEgCwkagIGhSFYWHpyrSjcFdr2alRxuYSEJ5UJYgkXNYtNesWWFinDwxCgRE0dRtgsdErhtURFCOuaAUtqseqiRjHWfHC3.pkg	HP0101-NPHJ00137_00-0000000000000001		METAL GEAR SOLID	811606960	
NPHI00010	ASIA	XI[sai] Trial Version(for PS3™・PSP®)	http://zeus.dl.playstation.net/cdn/HP9000/NPHI00010_00/nwWG8rwlUNXwnUWoGo7Hi0WsSGsP2at5KDYP9wxlLVQn3bb4u5Bw7hYdaxu3iB7wy7AodUBwdOUAaWBpdhCUM2ebWAdxWUSlvWDBf.pkg	HP9000-NPHI00010_00-0000000000000001		XI[sai] Trial Version	110398928	
NPJJ00308	JP	ときめきメモリアル ２ EVSアペンドディスク	http://zeus.dl.playstation.net/cdn/JP0101/NPJJ00308_00/CI2CBppI6qEgSWUij2dqXcvIEsTmDhs8rwStpKI5Ot740PNbvWcaj6yg59RF6nkODrrPvcvwEoIMKk88K13u9BwFunTOham4tddy8.pkg	JP0101-NPJJ00308_00-0000000000000001		ときめきメモリアル ２ EVSアペンドディスク	858644704	
NPHJ00096	ASIA	BIOHAZARD 3 LAST ESCAPE	http://zeus.dl.playstation.net/cdn/HP0102/NPHJ00096_00/6ch9fdFPGup6xJBbrKyQ9htwYISGjfV8qFr1I2o9XK6vr9wy7D9Hf7Q0uEqgLqW3FlvFBnN4afI6AqSpyoR8Frvsiu0P4nx4vjQoA.pkg	HP0102-NPHJ00096_00-0000000000000001		BIOHAZARD 3 LAST ESCAPE	399220320	
NPHJ00116	ASIA	VAGRANT STORY	http://zeus.dl.playstation.net/cdn/HP0082/NPHJ00116_00/oLlyLnu9nCx7KkqCYChGb36qE1qxQTDQKmg05QB3lbMmD3sBaSepgbATgJ2DTLj4ymQNG6DBFTQ1JfVL1AcAReqoXFimaSk8kI2Ym.pkg	HP0082-NPHJ00116_00-0000000000000001		VAGRANT STORY	108390016	
NPHJ00222	ASIA	Parasaite Eve	http://zeus.dl.playstation.net/cdn/HP0082/NPHJ00222_00/lfmWnMxDxAy1T8cSvJ62aEaPivbij6RA80Cg7xhInNrAfmyPkXwQ2iHBhUNyl3HPcrIP71tHYmkE9MJJdRHM4kHxxYxCbpmUCVuFf.pkg	HP0082-NPHJ00222_00-0000000000000001		Parasaite Eve	587370064	
NPEF00137	EU	ATV Racers (German)	http://zeus.dl.playstation.net/cdn/EP4061/NPEF00137_00/UhGnAtA876i3Ci49tI3jU6bO78DL3wrt0eOqddVdJMQGrgYUcI3y8cjf374aUFn3.pkg	EP4061-NPEF00137_00-GMIRACLEQU000GER		ATV Racers (German)	42188320	
NPUG30071	US	Patapon® 3 Digital Guide	http://zeus.dl.playstation.net/cdn/UP9000/NPUG30071_00/agEWTxeORGCuUmyWouRvDvCIyLVtbbtPzwKdydFNqAuwrqqYNCzUSmWfZwVZUIvgRUSpHVAGFkZEjXHNTeZQTnDNGJWzktXbqbEcH.pkg	UP9000-NPUG30071_00-PATAPONDIGIGUIDE		Patapon 3 Digital Guide	246790928	
NPEE00051	EU	G-Police®	http://zeus.dl.playstation.net/cdn/EP9000/NPEE00051_00/7GPC6fUrKIIUCu8rSQnPFMX1cn8Yj40dsL52jkNCDUf6BpBxRhC9lcs0K6JyXbLttJtXoB30NBOfQnvlFHfP2LcYPqMDn1WIQOkSX.pkg	EP9000-NPEE00051_00-GGPOLICEPF000001		G-Police	870036288	
NPJI00008	JP	激走トマランナー	http://zeus.dl.playstation.net/cdn/JP9000/NPJI00008_00/5CRSxs9iRgpiQG9fY1LFxMNt69Grd4RAaHgNLdM63TBsBrD8gCIsF71jBC9j1YHwcMQfTKYbKw13whJlRSWU2mvW41n4nAu6extQ1.pkg	JP9000-NPJI00008_00-0000000000000001		激走トマランナー	324434048	
NPUI94900	US	UNKNOWN TITLE	http://zeus.dl.playstation.net/cdn/UP9000/NPUI94900_00/sbWE9gwk7yGqN9IxohaKm8vuXa5AYcs6WE5jfXwdS5i5gdpg5jMoQmqFX2K8yP7wdkygy7PR8tN4L3hIoIvOalK62AUTeFFCPBTdC.pkg?product=0084&country=us	UP9000-NPUI94900_00-0000000000000002			489609120	
NPUI94227	US	UNKNOWN TITLE	http://zeus.dl.playstation.net/cdn/UP9000/NPUI94227_00/Psidl1HsWitDCPT3RLYJUyrwhMEru2DvrDnsPUqcwXOb7tiv7UhV9jEDBMYVo7dI3waAYfxRBsxHgwb8hMxpECbgnEayo83caxgGu.pkg?product=0084&country=us	UP9000-NPUI94227_00-0000000000000002			345104912	
hakoniwa	INT	UNKNOWN TITLE	http://hakoniwa.dl.playstation.net/download/hakoniwa/IP9100-NPIA00006_00-VSHMODULE0000029.pkg	IP9100-NPIA00006_00-VSHMODULE0000029			114486800	
NPJG90002	JP	UNKNOWN TITLE	http://zeus.dl.playstation.net/cdn/JP9000/NPJG90002_00/JHbBbXtj97Qy8Rff3sKuroBm0M3dfMqTlRdIEP9g8xgq76K4L33OgcfNJ5N3MvxmCVyX4gMCKLawlM4jGtBS9iJBB9GauTGJsl3UX.pkg	JP9000-NPJG90002_00-LRPSPDEMO0000001			7170544	
NPJI00071	JP	NIGHTMARE CREATURES(PS3®用)	http://zeus.dl.playstation.net/cdn/JP9000/NPJI00071_00/OFFliuDviYcvwUNXrGDUkkWXWnxnZXBqXeGpfqzlokJQLwcLcALyboSHYCRQPsmrbyLyOBvxWPyIbkPOVjbfcEZsfJeXGZogfAGaG.pkg	JP9000-NPJI00071_00-0000000000000001		NIGHTMARE CREATURES	218199104	
NPEF00084	EU	Disney Lilo & Stitch grossi guai ale hawaii	http://zeus.dl.playstation.net/cdn/EP1006/NPEF00084_00/QPnoyT9nNPu2AD9P7tEJ0IkPVyx8EqUB1CDFTooKoMMEwnDTUXtDbulkfBB2NMEoo0uy35Rs3wonUvF1jmByVpaq2yjHHfrwxXBO4.pkg	EP1006-NPEF00084_00-GLILOSTITC000ITA		Disney Lilo & Stitch grossi guai ale hawaii	244583600	
CUSA06122	US	Roblox	MISSING	UP1821-CUSA06122_00-0000040810600000		Roblox	0	
NPJJ00308	JP	Tokimeki Memorial 2 EVS Append Disc	MISSING	JP0101-NPJJ00308_00-0000000000000001		ときめきメモリアル２ EVSアペンドディスク	0	