Title ID	Region	Name	PKG direct link	RAP	Content ID	Last Modification Date	Download .RAP file	File Size	SHA256
NPEA90123	EU	God of War: Ascension "Prison of the Damned" (DEMO)	http://ares.dl.playstation.net/cdn/EP9000/NPEA90123_00/MPywhSPFHOMXLUBokVgwaBFUZIlPPdkWWpjCuCdxxwNArQtTzjksszYPHuQbchAl.pkg	NOT REQUIRED	EP9000-NPEA90123_00-GOWASPDEMO000001			3222695904	
NPEA90085	EU	Killzone 3 (DEMO) (3D)	http://ares.dl.playstation.net/cdn/EP9000/NPEA90085_00/EANziGsxJKtgGOpxnBXkJEMDhgzfdxgNvpvoxyIVAuMkWqGoDJAnAztHEOFKDlPh.pkg	NOT REQUIRED	EP9000-NPEA90085_00-DKILLZONE3000001			1590091296	
NPEB90462	EU	METAL GEAR RISING:REVENGEANCE (DEMO)	http://zeus.dl.playstation.net/cdn/EP0101/NPEB90462_00/STiheVBxzGGioxwxLSXezPaNZgskhBIobqCOSHgCBLfmnutaXeHmVVXuHahHnGCr.pkg	47d2d71a384beca46506fb48ba665e1a	EP0101-NPEB90462_00-MGRDEMOLOCAL0001	2019-07-29 13:13:35		3605924688	
NPEB90559	EU	BLADESTORM: Nightmare (DEMO)	http://zeus.dl.playstation.net/cdn/EP4108/NPEB90559_00/EP4108-NPEB90559_00-BLADE0NIGHTDEMO0_bg_1_f993a215c497db3c6e681013059a7b8c4a18c2bf.pkg	ac862959cbe103e5bc821992dabf4b6f	EP4108-NPEB90559_00-BLADE0NIGHTDEMO0	2019-07-29 13:13:33		2159576896	
BCET70033	EU	Resistance 3 Online Beta	http://zeus.dl.playstation.net/cdn/EP9000/BCET70033_00/WOXPXytedvEaXvXitWaZlpGvQLfaWQhtUzVKQPnlliXMgkPnXqlLScEMvVdNQLHq.pkg	02a115db46a72cd54e886f785950c4b0	EP9000-BCET70033_00-RESISTANCE300001	2019-07-29 13:13:34		1484738672	
NPEA90101	EU	God of War Collection: Volume II (DEMO)	http://ares.dl.playstation.net/cdn/EP9000/NPEA90101_00/yMvuBJcsvqgqPZetIHftyTzvPvKzuAcuXWSfPZFARfYHDsFdzmqneYPktgZIXYaY.pkg	NOT REQUIRED	EP9000-NPEA90101_00-GOWCOLLVOLIIDEMO			814922576	
NPEB90332	EU	LEGO Pirates of the Caribbean The Video Game (DEMO)	http://zeus.dl.playstation.net/cdn/EP1006/NPEB90332_00/abavyeCvjIJtxqdwHzEDGCtdtCjZdKaepuTCnxyxjCbZFhETqHItsSpeRkAjOmcO.pkg	b76d2fde3de21580c47fb9e12988c215	EP1006-NPEB90332_00-LEGOPIRATESDEMO1	2019-07-29 13:13:34		1125452624	
NPEB90269	EU	VANQUISH OFFICIAL (DEMO) - VELOCITY ATTACK	http://ares.dl.playstation.net/cdn/EP0177/NPEB90269_00/MtGRmXljAh4vfebnHWIALKs1Nj9ir2kF7VPjHsEdWgRikPTTFgutCGM9YU8s6pSj.pkg	NOT REQUIRED	EP0177-NPEB90269_00-TRIAL010000000EU			744498272	
BCET70015	EU	Uncharted 2: Among Thieves Beta	http://zeus.dl.playstation.net/cdn/EP9000/BCET70015_00/B6I2YRGLeN4X5I10pfC10LEwIO1iNxryy6uABBUY0dFE1bQpQrCw5bGQFlaHSySyW3f2sEEkluwiqn9h0JXdS8OixbBHex6nqfMsF.pkg	6413f1334f906402b11a538f8c7e8673	EP9000-BCET70015_00-UNCHARTED2PUB001	2019-07-29 13:13:32		1333672432	
BCET70016	EU	MAG Beta	http://zeus.dl.playstation.net/cdn/EP9000/BCET70016_00/HPoUAIQhWDTGFbKPN5t6falNGxDPiavjcphClP820xGfJrxocdpd1EAx5YFLTMmALtxqRwudvmmAKVfxKYBYxc8WAPRlyd5SHo64f.pkg	de74a9b06b60db902c6989fb91862e9c	EP9000-BCET70016_00-GBETAMAGPU000001	2019-07-29 13:13:35		38259376	
NPEB90184	EU	F.E.A.R. 2: Project Origin (DEMO) 2	http://zeus.dl.playstation.net/cdn/EP1018/NPEB90184_00/1gEk7oLaJG31wD0tWgYJWd6sgjhWsI97TIum8s2VYQdmLaKLp5nIpof6mdL2F3W7oiEiCmY6CAKVhNKnWGCHqBW7u9jETeeTiwIE0.pkg	NOT REQUIRED	EP1018-NPEB90184_00-FEAR2SPDEMO20000			616052160	
NPEA90033	EU	MOTORSTORM: PACIFIC RIFT (DEMO) 2.0	http://zeus.dl.playstation.net/cdn/EP9000/NPEA90033_00/J0MOSCPTs4nMmWv5GanWN3Q3DmdKao7k3eaNBKqoffWnL00fB8wDX3XDVsS1u1tSjd575CaBIWGTSsbeyUSXAcrFDHS3dGOVFPUG9.pkg	NOT REQUIRED	EP9000-NPEA90033_00-DMOTORSTOR000002			667623888	
NPEB90116	EU	METAL GEAR SOLID 4 (DEMO) VERSION	http://zeus.dl.playstation.net/cdn/EP0101/NPEB90116_00/PvcOtortBey62KMqvp85TciNkcfUvtx7QoP99dvntgOIQMbJ9kPbbhGjKq3On8DHTN5DlXwl24puSX0klVDPy9e5Jbkvlmm4vQYyf.pkg	NOT REQUIRED	EP0101-NPEB90116_00-MGS4DEMOVERSION0			1458597952	
NPEB90006	EU	THE DARKNESS (DEMO)	http://zeus.dl.playstation.net/cdn/EP1001/NPEB90006_00/PY1uIMFcTECRBqCmydXVjg1NcY2I2sduTPnPvuCW70CeeniebydOCjuqbk9f4Jym878qMoC7nTqPaKEFMoqW8hX5TXHIbDTsIUNU7.pkg	9da02c6a1172028004ae69c16ecd77d0	EP1001-NPEB90006_00-THEDARKNESSDEMO0	2019-07-29 13:13:33		1513069488	
NPUA70045	US	LittleBigPlanet™ Demo	http://zeus.dl.playstation.net/cdn/UP9000/NPUA70045_00/nyHPcRea86ACLpAoiWFQpWDXrtTeCxNgCcE3V4Qr4Y1oKs2fClt9SQvWWxT6YVw3JigDe7hQC6USiDJ9u11aRPQxANXLM6M86SYvD.pkg	NOT REQUIRED	UP9000-NPUA70045_00-DLITTLEBIG000001	2019-04-03 12:16:36		1122232512	
NPUA70046	US	inFAMOUS Demo	http://zeus.dl.playstation.net/cdn/UP9000/NPUA70046_00/9XTKhOvnJXw3iVUaRtoVh2GIxtsEnvphgTyOWCoPHJj7iU0I2GtvppIpsVWRcUbauQm2cSPHLePMaDCFq6lKoQhYWwXgodIhxtkQP.pkg	NOT REQUIRED	UP9000-NPUA70046_00-DEMOSHIP04171417	2019-04-03 12:16:36		1239825616	
NPUA70192	US	Twisted Metal® Multiplayer Demo	http://ares.dl.playstation.net/cdn/UP9000/NPUA70192_00/tkhpcmvQyuvJMFvmMrfMGqOyWtyJbJYNsWlOaTydRvCUNLToWtJAfQJTEnNUxwDFKkUPlUtPiknYzfxklblSPArNCEFlaUMiGSVWL.pkg	NOT REQUIRED	UP9000-NPUA70192_00-TWISTEDMETALDEMO	2019-04-03 12:16:36		1599504608	
NPUA70246	US	PlayStation® All-Stars Battle Royale™ Beta	http://zeus.dl.playstation.net/cdn/UP9000/NPUA70246_00/yBcorGHrfxxLlmldPSiitPkQbrgyyMgWZgrrwIRFvdwOneNRvtCIBQLCovEbSTlAJteVNNZgyOlSRyKUKgtPZBilaxTgdlmUtErcd.pkg	NOT REQUIRED	UP9000-NPUA70246_00-PABRPB5PS3000000	2019-04-03 12:16:36		1110008528	
NPUA80016	US	Resistance: Fall of Man™ Demo	http://zeus.dl.playstation.net/cdn/UP9000/NPUA80016_00/m4Sv3GSGE9FLWUgBidvp9QJrbGeg3Fn2CMEgpR5mAvdNpGy7VwhYC24wQ0DKayDbFdAlJTqqQlHBX20wVFXsxAWPPPExqN6RcuPbK.pkg	NOT REQUIRED	UP9000-NPUA80016_00-RESISTANCE000001	2019-04-03 12:16:36		907772032	
NPUA80160	US	PixelJunk™ Eden Demo	http://zeus.dl.playstation.net/cdn/UP9000/NPUA80160_00/aOiHeMjX4pIS6NRVjgiQRRxIMUPrUNQG39tRQsk7mwvYtVKFX4isTegGpSTYpuLFAlcPSS2iXNGP3XMoRqA5KNhUvjcACf8YShuPA.pkg	NOT REQUIRED	UP9000-NPUA80160_00-PIXJEDENDEMO0001	2019-04-03 12:16:36		112028576	
NPUB30321	US	Galaga® Legions DX Demo	http://ares.dl.playstation.net/cdn/UP0700/NPUB30321_00/IyPuZUETGHvDwvVlpPlQwFejwWlsPzrMtuRUdOpMLPneyMvIyzBPaFWkwRixJbKUJFHaZPEbhzQDIrzwqjSTeMesVcVZIHdkGMwZp.pkg	NOT REQUIRED	UP0700-NPUB30321_00-GLLDX00001DEMONA	2019-04-03 12:16:36		140509664	
NPUB30384	US	BurgerTime World Tour Demo	http://ares.dl.playstation.net/cdn/UP2039/NPUB30384_00/UWVgRifebvLrsNRIpeacllvxLnQUCuHPcTWAFOXOVpHSiRhbkvGMqMPUPpQFWlxcPDvzQPuasuJwoiXeazrQYMobegJYLMjuHedyG.pkg	NOT REQUIRED	UP2039-NPUB30384_00-BURGERTIMEWTDEMO	2019-04-03 12:16:36		362726240	
NPUB30422	US	HOARD™ Demo	http://ares.dl.playstation.net/cdn/UP2046/NPUB30422_00/lpBjcpEUaQALNyWKehjZfgInDDEixjVTtFLkGlLjnasGmlvtqOAbxMrYCqJoEAMLAYOLCvEiOnFwygqxjLONkhkjLxypngPQITowU.pkg	NOT REQUIRED	UP2046-NPUB30422_00-HOARDDEMOLOCKED2	2019-04-03 12:16:36		165333328	
NPUB30536	US	Babel Rising™ Demo	http://ares.dl.playstation.net/cdn/UP0001/NPUB30536_00/juHKlpjybJFjkYzXBbwJALPLXxThExSrryHFtTPsLEHIfGHxwGLlkSNdnXHkzjiZjUWldMUXanYDpVypSfMUHywceBmrCVbKJAMNX.pkg	NOT REQUIRED	UP0001-NPUB30536_00-BABEL3DDEMO00001	2019-04-03 12:16:36		373611776	
NPUB30558	US	NBA JAM: On Fire Edition Demo	http://ares.dl.playstation.net/cdn/UP0006/NPUB30558_00/ZPLDSaBcFSpKCuqTUUBIzQkKXFVhXmnhGjVbmqjcIGuipMVVVOdKsvYaAApSPFdUomWGZiPlDtZRDbnLRopUvuhHnqcXxAkrXQcBw.pkg	NOT REQUIRED	UP0006-NPUB30558_00-NBAJAMNA00000000	2019-04-03 12:16:36		900340784	
NPUB30562	US	Max & the Magic Marker - Gold Edition Demo	http://ares.dl.playstation.net/cdn/UP4331/NPUB30562_00/xfkrbjyvDNfsVftADGGxnAEimfxrauwRaPjuUojHNwHjrmYuzJqVcZlSDgQkgwywtqguEdMaJyxCEiTWbUddvWLjsrwMwcoUUXUpW.pkg	NOT REQUIRED	UP4331-NPUB30562_00-HDDBOOTSAMPLE001	2019-04-03 12:16:36		252414176	
NPUB30674	US	Foosball 2012 Demo	http://ares.dl.playstation.net/cdn/UP4151/NPUB30674_00/gnJVDGjlEtajUBGRfVhkHpXtWeCLYhHHgOLXZsEKWCtfrQctGpOCGGgKnhPJZwnKruKhqAFWSJNparxnnqKCgyDgPyxBPcHvDYRVH.pkg	NOT REQUIRED	UP4151-NPUB30674_00-FOOSBALL20120000	2019-04-03 12:16:36		140312832	
NPUB31493	US	Blood of the Werewolf Demo	http://ares.dl.playstation.net/cdn/UP2145/NPUB31493_00/JZLtQcxLvQVSfQFVSUsINhmKDsZpIxbtIhaDjncxNeYdCDFXmMMNnNxxcPEqauqW.pkg	NOT REQUIRED	UP2145-NPUB31493_00-BOTWTRIALPACKAGE	2019-04-03 12:16:36		3272761040	
NPUB90003	US	Full Auto™ 2: Battlelines Demo	http://zeus.dl.playstation.net/cdn/UP0177/NPUB90003_00/37Q4ULU0K5SSv3aYbOtjgcUqIC1JqY1m8YPfTibIDpQN3esgEaFiSe3KhFYuUtxav5XJD7Oi7gRuR723XW7WTtV5mMNmGmaLTkxqP.pkg	NOT REQUIRED	UP0177-NPUB90003_00-0000111122223333	2019-04-03 12:16:36		614329216	
NPUB90035	US	All Pro Football 2K8 Demo	http://zeus.dl.playstation.net/cdn/UP1001/NPUB90035_00/NDKNHxpmlyeyuODCbEhhG98ayd1ov24motFajsSXvrGwmLGuGiLbBmYnarCuj9Yc5JBPAqc3PYJ68jNdyexikkXuE1VPNcg9AAphr.pkg	NOT REQUIRED	UP1001-NPUB90035_00-APF2K8DEMO072007	2019-04-03 12:16:36		635583936	
NPUB90048	US	The Simpsons Game™ Demo	http://zeus.dl.playstation.net/cdn/UP0006/NPUB90048_00/FqhuVfXW7bqfCf0X1EOch1J5rjBefpDEYHskxnRRsyhHQiStTGXjtTL7uxkj77pWVOvm75hrxg0a4buMvIbPhYef3KR38nRm2DLKJ.pkg	NOT REQUIRED	UP0006-NPUB90048_00-SIMPSONSDEMO0000	2019-04-03 12:16:36		658432080	
NPUB90098	US	Monster Madness: Grave Danger Demo	http://zeus.dl.playstation.net/cdn/UP1016/NPUB90098_00/4Mimwgc01eaDExkHwXbAjfUj5YE51KpagXwkmuavsNe4lxTd5Ww9cc0tNqFUFqcdlXEd7uxNw7y0dvCfjy6HsA9viIo1p3jOxK9AE.pkg	NOT REQUIRED	UP1016-NPUB90098_00-MONMADNESSDEMO10	2019-04-03 12:16:36		742175152	
NPUB90099	US	Iron Man™ Demo	http://zeus.dl.playstation.net/cdn/UP0177/NPUB90099_00/FBc0P9h01JF9gVrlimuuX8scfOrDqQUBrWQj9cjHwcm7xleTUrQTtlrKVS27koe2BIuT4nXIGjri6Qaw65glOn5feOmhDxFfOTq7d.pkg	NOT REQUIRED	UP0177-NPUB90099_00-00000IRONMANDEMO	2019-04-03 12:16:36		993827248	
NPUB90103	US	Overlord Raising Hell Playable Demo	http://zeus.dl.playstation.net/cdn/UP4001/NPUB90103_00/L6j64gvmcJnCw6TygKJN10pI2QUSEQWKaSwAjGXAoxlXbPX5AcF4bdoUfvvrvtd6AUk8iqmUvUE1wBuQ5pgDxkIxqW5kpunXm1d5I.pkg	NOT REQUIRED	UP4001-NPUB90103_00-OVERLORDRAISINGH	2019-04-03 12:16:36		898528272	
NPUB90194	US	Sonic Unleashed™ Demo	http://zeus.dl.playstation.net/cdn/UP0177/NPUB90194_00/V7ARTqYMf7x3RkN8eduYhCYSqgGGjjq4CXvVUF8iFpYFfCjDvPxHlIwMdpN7p5KeRl0YMOoyUIXIri5NetMUlNmpRAfHw5pP2rv5q.pkg	NOT REQUIRED	UP0177-NPUB90194_00-0000000000000001	2019-04-03 12:16:36		250182832	
NPUB90277	US	Katamari Forever™ Demo	http://zeus.dl.playstation.net/cdn/UP0700/NPUB90277_00/pOuly5Kl2FouuJnRU90fJ0qHDu5CfmC56AsNqIxFhmmdjFvTdCOPqWXcmWJy5VYaCRrmPhOvjMA2CmH7VRFphjnKixbfwf3a51vyF.pkg	NOT REQUIRED	UP0700-NPUB90277_00-KATAMARI4EVRDEMO	2019-04-03 12:16:36		565100096	
NPUB90280	US	NHL® 10 Demo	http://zeus.dl.playstation.net/cdn/UP0006/NPUB90280_00/pEDhcUO9pX0vnxTjpa298sIGNsURDn6qpCCLYcoo9SaL72NylSOr5yy89NF2ehEOwpcabB03OTTp2Ehj2cNFGpEGHGNEKt0IbtQ5A.pkg	NOT REQUIRED	UP0006-NPUB90280_00-NHL10DEMO0000000	2019-04-03 12:16:36		858952944	
NPUB90285	US	Batman™: Arkham Asylum Demo	http://zeus.dl.playstation.net/cdn/UP0776/NPUB90285_00/htbiXmBigp2wJGMyLUPa0S9pJgVQDkWsuVIdHXnLNp7yAvHGsTitH0qRVssBcgCqt7QxCc8h4JiaF3mLJSQiMHEDXRTtgJMNlJgTv.pkg	NOT REQUIRED	UP0776-NPUB90285_00-BMARKHAMASYLUM00	2019-04-03 12:16:36		1086668080	
NPUB90297	US	Fight Night Round 4 Demo	http://zeus.dl.playstation.net/cdn/UP0006/NPUB90297_00/6eYq4KaALEoPMrFI2WojX2YlWBr7M0MPPml3qRVN2NGnJX7HlkUcOnrj7jxyuoWJhB6p9VjmRj5TnK5WIWYf05HA337993YEMxJPR.pkg	NOT REQUIRED	UP0006-NPUB90297_00-FIGHTNIGHTROUND4	2019-04-03 12:16:36		828386896	
NPUB90323	US	Dragon Ball®: Raging Blast Demo	http://zeus.dl.playstation.net/cdn/UP0700/NPUB90323_00/sF9MAUeXMtW479eayEbenySARCM3ViU3P1qVNuXEQEEv1kST3fPm1aIVLHSQRFvX3PVbKJyacdYrckDefB8TGqC1DvAjFO4wSit4I.pkg	NOT REQUIRED	UP0700-NPUB90323_00-DRAGONBALLRBDEMO	2019-04-03 12:16:36		374829776	
NPUB90606	US	StarDrone Demo	http://zeus.dl.playstation.net/cdn/UP4101/NPUB90606_00/akHqvaKWMxCZAQJVmrpZKwSeBUtRgIWzwhoYvcVTwBCyYXyAYywgQXFvYINYavnPIriTDzzvudMGczLAyQEsBDnmnREDarClpDdnT.pkg	NOT REQUIRED	UP4101-NPUB90606_00-STARDRONEDEMO001	2019-04-03 12:16:36		90302688	
NPUB90612	US	Asura's Wrath™ Demo	http://ares.dl.playstation.net/cdn/UP0102/NPUB90612_00/HdrpCUJbDOFjXbDoQdVZTLmBledPGBhHpGhjQkDfAoUvoPgvQjaoDlyoyGNUWytLtHibianqzxLYXYUtoFXREaCzrLBhdPNJrCYSR.pkg	NOT REQUIRED	UP0102-NPUB90612_00-AWDEMOUS00000000	2019-04-03 12:16:36		752770848	
NPUB90654	US	Elevator Action Deluxe Demo	http://ares.dl.playstation.net/cdn/UP0082/NPUB90654_00/eDFRwRVLbgRNIsKRptfsuPmAueRMRYUbJaCFCUuTPYLozccjcCfPPgKEYNuJZWpBRITjDifMCoHQcTnQtgRPClqlqwwzszyogcceb.pkg	NOT REQUIRED	UP0082-NPUB90654_00-0000EADXDEMOGAME	2019-04-03 12:16:36		471818256	
NPUB90732	US	SSX Demo	http://ares.dl.playstation.net/cdn/UP0006/NPUB90732_00/UBmBbmfVXSJHYtBdlGSVdWcaRvIMnojHKkCesQNOhRxBrHJgkDSuXoHWkyAiHiJVVXJZwhXnFtStYWcancTpFMBfCAUqIZydDycEU.pkg	NOT REQUIRED	UP0006-NPUB90732_00-SSXNADEMO0000000	2019-04-03 12:16:36		1392760768	
NPUB90734	US	Winter Stars Demo	http://ares.dl.playstation.net/cdn/UP2047/NPUB90734_00/NSXUngjWhNxusydNrCQOORXGzwjLeoGqhPoGHBSCJuJsMrJiLndulPIoPhUvWYqv.pkg	NOT REQUIRED	UP2047-NPUB90734_00-0WINTERSTARS2012	2019-04-03 12:16:36		995329520	
NPUB90738	US	The House of the Dead III Exclusive PlayStation®Plus Demo	http://ares.dl.playstation.net/cdn/UP0177/NPUB90738_00/UlYoWbKlLuRYsoANwkULXiOZQCuJubvQFLuKlvClwRDatoHTqNDqoIamuSbhVAyGpnULrdzoDjgZvQqCQNRjtrWVdySBPSxyPQwCW.pkg	NOT REQUIRED	UP0177-NPUB90738_00-HOD3PSNDEMO00001	2019-04-03 12:16:36		394310160	
NPUB90760	US	Major League Baseball® 2K12: Demo	http://ares.dl.playstation.net/cdn/UP8801/NPUB90760_00/XABWUPuXdpgzWMbNWjRnzLLJERarfxHdgpkfFApHrpxicdEEXdfdzzNcWYciwYoothnufmIzPlCbVdJQBDRUFnZIhuSeCiRtTfpnu.pkg	NOT REQUIRED	UP8801-NPUB90760_00-MLB2K12DEMO00000	2019-04-03 12:16:36		897355072	
NPUB90929	US	DmC Devil May Cry™ - Downloadable Demo	http://ares.dl.playstation.net/cdn/UP0102/NPUB90929_00/rgIwocXEkjcYpZACbRnGGsvcpecEwElGvNTVdzgDtsjEVMnXLtdLntgXBjKjqfhM.pkg	NOT REQUIRED	UP0102-NPUB90929_00-DMCDEMO000000001	2019-04-03 12:16:36		1381545808	
NPUB90979	US	Dark Souls II Network Test	http://ares.dl.playstation.net/cdn/UP0700/NPUB90979_00/dNNXsAqFkeaRaLaoyGfrVnpwAqdnuHnNkgIJUZrchqDuMFBeIPwfVpfiaYYVhBhR.pkg	NOT REQUIRED	UP0700-NPUB90979_00-DARKSOULS2NT0001	2019-04-03 12:16:36		1751238528	
NPUB30699	US	Scarygirl Demo	http://ares.dl.playstation.net/cdn/UP0082/NPUB30699_00/jHUMoWdRxVkhSPRNuakKzijeLnYOkzHGVbniCypZMpWhecVNsdCRWUUEFlEeQqLvixqhcHZinhwmvvoKaHkeRZrdGpWZTfcukSIMh.pkg	NOT REQUIRED	UP0082-NPUB30699_00-SCARYGIRLDEMO123	2019-04-03 12:16:36		1100199168	
NPUA70136	US	Starhawk Public Beta	http://zeus.dl.playstation.net/cdn/UP9000/NPUA70136_00/RZlaPquoatBmqmDgzRpjQYcswZjmdLrykkifSoaIlBGsWaUwoudgSXmAhSsERIkdGQjadjLCpGPqQDwzqHTsHwrAtWzlExraeLnQB.pkg	NOT REQUIRED	UP9000-NPUA70136_00-GBETASTARH000001	2019-04-03 12:16:36		1363831328	
NPUA70165	US	Carnival Island™ Demo	http://ares.dl.playstation.net/cdn/UP9000/NPUA70165_00/ABkhTiPJLOdMInUFqAuVVwWUXxkVpZKWuoRbRmiTwldUMyulIenBiAQtXnoPsYECWHGHQDHaioknweEFAdaQdNWmqHYwooxpSkHRX.pkg	NOT REQUIRED	UP9000-NPUA70165_00-CARNIVALDEMO0001	2019-04-03 12:16:36		2184800672	
NPUB30491	US	Ugly Americans: Apocalypsegeddon Demo	http://ares.dl.playstation.net/cdn/UP2041/NPUB30491_00/TVDjlOtIOTqmoNwKZmiXzJcJwMVzZQRoteGOELtGJuyXItArSSNyewQJoBTljdDQCyawLMQkOuiyNgOLxsFdqMszhZaZqjuhyyAtf.pkg	NOT REQUIRED	UP2041-NPUB30491_00-UGLYAMERICANSTRL	2019-04-03 12:16:36		1761857904	
NPUB30418	US	From Dust™ Demo	http://ares.dl.playstation.net/cdn/UP0001/NPUB30418_00/FbfcGFBhFHFgVUZGLTmBdUahytyXdwhQdJxlZpZXUnyUQDhUJiWTgFqSnRAiUwpnDFRNiqIFkSbRruWETrKhNpkcJDSGkKxcAhuxM.pkg	NOT REQUIRED	UP0001-NPUB30418_00-FROMDUSTTRIAL001	2019-04-03 12:16:36		973885376	
NPUA70143	US	Dead Nation™ Demo	http://ares.dl.playstation.net/cdn/UP9000/NPUA70143_00/VqbJhJoLkkZgnPWLefmSbbRUIxluzqsoLiuNnNOeHMrtSJhPXKyCpmqgmdhkZcYkbBqsGCQYtbBtdJZZRcCJwkohSBuUfVRBpyObT.pkg	NOT REQUIRED	UP9000-NPUA70143_00-DEADNATTRIAL0001	2019-04-03 12:16:36		1621717040	
NPUB90646	US	NEED FOR SPEED™ THE RUN Demo	http://ares.dl.playstation.net/cdn/UP0006/NPUB90646_00/vOxznhWzKKSlWQYrWEdLZqRWyBEWWfNtvgAgvyANDLRUxNBXZfbWhRjddFSaCOZTiDlipHFLCpJJdgLqkcwYMBpsPNPlKJSnvrURS.pkg	NOT REQUIRED	UP0006-NPUB90646_00-NFSTHERUNDEMO000	2019-04-03 12:16:36		1288981072	
NPUB30513	US	DeathSpank: The Baconing™ Demo	http://ares.dl.playstation.net/cdn/UP4049/NPUB30513_00/kieUwmdnyGyCEQHMNJZrHbDWxKhcizqJVkRAUecOokwZGXRbFdBIGhIFDXxQbNRbzMvWbCLXyrQZOFvzAZztgnyHTHUQznsSreJaV.pkg	NOT REQUIRED	UP4049-NPUB30513_00-DEATHSPANK000001	2019-04-03 12:16:36		1041297568	
NPUB30484	US	SkyDrift Demo	http://ares.dl.playstation.net/cdn/UP4175/NPUB30484_00/PUfnfAPfKebkskuvmSzYAaSDfBLpJaMRxaiDSLJqyzjbnWDAwavpmGTScQagZVpuVZdZhbXCsEspbOudWTYrIRACPSXezzwoEiuzS.pkg	NOT REQUIRED	UP4175-NPUB30484_00-SKYDRIFTTRIAL001	2019-04-03 12:16:36		480197392	
NPUB90530	US	ACE COMBAT® ASSAULT HORIZON DEMO	http://ares.dl.playstation.net/cdn/UP0700/NPUB90530_00/pWHOERVlzmpxENOWVrrMdCtAcqCRvzEskMzZgjcPPKVZDXSgYqnLLHFbZdGtoMrTkUmbgKoIxljraTkzupGEGwcEDGZDzqlDfWuZm.pkg	NOT REQUIRED	UP0700-NPUB90530_00-ACECOMBATAHDEMO1	2019-04-03 12:16:36		439091904	
NPUB30464	US	Burnout™ Crash! Demo	http://ares.dl.playstation.net/cdn/UP0006/NPUB30464_00/KTzJCzFUSOTbVwkJLAYUkhpHcUyuZOIDVsDLjCpwHHTsQQJelxDLOsaBZbwhPNKFtELsTMdaDtHvbnlEnQKPgVzMGgbAChKDFVDpO.pkg	NOT REQUIRED	UP0006-NPUB30464_00-CRASHTRIAL0000NA	2019-04-03 12:16:36		1108519712	
NPUB90677	US	NBA 2K12: Demo	http://ares.dl.playstation.net/cdn/UP8801/NPUB90677_00/GiFAzXPXRulcAUSQyGoAcTqojffeuEkiNWFbULdmgUEgajhHbzKjNnOnNMUYuHYKqhkEbRMQbieZqSBVGrdVveNZYhYblRqCmnGJb.pkg	NOT REQUIRED	UP8801-NPUB90677_00-NBA2K12DEM000000	2019-04-03 12:16:36		1293570624	
NPUB30419	US	Mercury Hg Demo	http://ares.dl.playstation.net/cdn/UP4002/NPUB30419_00/yYBsgtpUnzghzYDmgcEgwtrBLYyVSHlGrYbtAdOFEXzLZJDLNAZQyVzWkRuLWikUQTIwEjXkQGfafvEDTDYmcsJekbNBRKRndmjQF.pkg	NOT REQUIRED	UP4002-NPUB30419_00-MERCURYHG0000001	2019-04-03 12:16:36		118802496	
NPUB90571	US	NCAA Football 12 Demo	http://ares.dl.playstation.net/cdn/UP0006/NPUB90571_00/PAoyEKxgwQucgFQjxtLqXgarckGJqEWSqzmIJHoXbRuddaOjgmZFgBsBigFkrrKYSnaaXQkUSQTbNYPnlrhsovnhmwfkQefKScMIw.pkg	NOT REQUIRED	UP0006-NPUB90571_00-NCAAFOOTBALL12DE	2019-04-03 12:16:36		2513302624	
NPUB90643	US	NHL® 12 Demo	http://ares.dl.playstation.net/cdn/UP0006/NPUB90643_00/GsUWKAqSzWjEcdCGMvpJPjiSNpPYxxPkKpRDPhflzrsamYQZnaYBBabiFUYYTbXNHKDDgOLwOwFoYFmLIjYXmPtZlIbPKezNLIeod.pkg	NOT REQUIRED	UP0006-NPUB90643_00-NHL12DEMO0000000	2019-04-03 12:16:36		1599080128	
NPUA70140	US	MotorStorm® Apocalypse Single Player Demo	http://ares.dl.playstation.net/cdn/UP9000/NPUA70140_00/zMhhMZuczBmimXxtbsvjUZdBPaGmHAnWbBshlurYgdEhbYcZpQqCpohDjyLpsjmSxPoElbIKqKeSqqsLGeGMoKXJOWmNiofhzSxFB.pkg	NOT REQUIRED	UP9000-NPUA70140_00-MOTORSDEMO000001	2019-04-03 12:16:36		1264801504	
NPUB90567	US	Sonic Generations™: Green Hill Zone Demo #1	http://ares.dl.playstation.net/cdn/UP0177/NPUB90567_00/qSsgbtlfFaVXMPLoQVlSswQSZfhtgQjQQgVQypwSgCggiSaLCjckZioByUeJCJdWKsHEirAiZBGhrdRPovydNjdYhtBMAFRzcPdrv.pkg	NOT REQUIRED	UP0177-NPUB90567_00-SONICANNIVDEMO01	2019-04-03 12:16:36		695475280	
NPUA70156	US	inFAMOUS™ 2 Demo	http://ares.dl.playstation.net/cdn/UP9000/NPUA70156_00/zytOUFjPnKrEGUNtszuaDRwJUwSzERFsWCNOQVAEtBGxgMwWcnnDSvcjavqHTHXNCEFXpaHifCTxETtKbLHWtPFRIRjpDoCjTyLhZ.pkg	NOT REQUIRED	UP9000-NPUA70156_00-SAMPSHIP05051630	2019-04-03 12:16:36		2619300944	
NPUB90501	US	Bulletstorm™ Demo	http://ares.dl.playstation.net/cdn/UP0006/NPUB90501_00/GHMNpgcVzmvhSXNwmopznUWohrxvYWcIOZmJaBccDWeoFAbhLgfyMoOobbJPQpcHyHvqtxtwSwOxkGDHzWXBvZQpswaQJFJhzjSTZ.pkg	NOT REQUIRED	UP0006-NPUB90501_00-BULLETSTORMDRMO0	2019-04-03 12:16:36		1245430560	
NPUB30297	US	The UnderGarden™ Demo	http://ares.dl.playstation.net/cdn/UP0182/NPUB30297_00/rfaaupHRkosXQuEETBbTdQHuJGZdpqCiHZSClFoQGzGdpDhBOBOtiCjDXoPQalpNFzVuLZdNwGitIWzlkGEFJXGXmHnmFYAlWRxrk.pkg	NOT REQUIRED	UP0182-NPUB30297_00-GAMEPACKAGE00000	2019-04-03 12:16:36		335569712	
NPUB90514	US	nail'd Demo	http://ares.dl.playstation.net/cdn/UP2047/NPUB90514_00/ocfBcpXnmeIIejtKBkUxUbiyCYKCbkRvrCtneiPafguBCGfXvhNPbaNMEJinvaEqprxKOVDhhmQVzpwqaXgoRrLRLonzAHhZuvHNL.pkg	NOT REQUIRED	UP2047-NPUB90514_00-NAILDDEMOPACK001	2019-04-03 12:16:36		1275638736	
NPUB90513	US	Fight Night Champion Demo	http://ares.dl.playstation.net/cdn/UP0006/NPUB90513_00/NYIxAGsJaOjMChZWdmFJYyebZHHNJUQpgYhRZwzYoCcNWdSNaJOYmhPTMaqkRazYWoGNqZvUQYzEBfWlRQgRppUhBuEERuWbepawg.pkg	NOT REQUIRED	UP0006-NPUB90513_00-FIGHTNIGHTCHAMPD	2019-04-03 12:16:36		1102329808	
NPUB30310	US	Spare Parts Demo	http://ares.dl.playstation.net/cdn/UP0006/NPUB30310_00/sgUtLLPVxugOQhnFlkxaSWLoLktUZzypoIeacqWLfIWvkpVQyOnNUdDpyngOmjDrbCVMZaVLynJCXvMEFTgBYtaETKgUgtjmpsghf.pkg	NOT REQUIRED	UP0006-NPUB30310_00-SPAREPARTS000000	2019-04-03 12:16:36		926098928	
NPUA70127	US	LittleBigPlanet™ 2 Demo	http://ares.dl.playstation.net/cdn/UP9000/NPUA70127_00/LdDINDpsygvwGLgqUwohBSSQtXtnZhHCOwiSUIfcSvuFInjSQGeUqLKkrwBPuEPoylNOOyAJbIUKfTXkPCYTFjChUerZbLUxTHhuO.pkg	NOT REQUIRED	UP9000-NPUA70127_00-LBP2DEMO00000000	2019-04-03 12:16:36		2123226304	
NPUB30172	US	Ricochet HD Demo	http://ares.dl.playstation.net/cdn/UP2016/NPUB30172_00/SquJhxiRTdxJRyRZlpuawLSDcHKOmJPFvfJNFtEPvPHbkEFKQgJxcLBZskLhtDVaPxDiAccOPDVKqvTaILMctQfATEBkLhKOEHsGf.pkg	NOT REQUIRED	UP2016-NPUB30172_00-RICOCHETHD000000	2019-04-03 12:16:36		340841536	
NPUB30144	US	Sky Fighter™ Demo	http://ares.dl.playstation.net/cdn/UP2004/NPUB30144_00/H3OCARPw28JlAAJhso3GP96lJP7csDnUyXsyhFWmjffE58sd3oibIFFFx6GK9BSu2OA50vfyDVgulSbIS5wM9eQg1bFF1XRQwcISh.pkg	NOT REQUIRED	UP2004-NPUB30144_00-SKYFIGHTER000000	2019-04-03 12:16:36		170472400	
NPUB30339	US	Funky Lab Rat Demo	http://ares.dl.playstation.net/cdn/UP4181/NPUB30339_00/yaKVwGvQcLKwIlqULrXUKnnPezOaVrARxHgKFENlBBOKcgWkiNehgflALsfaGBUZCZhMtVeDCcWtdTKBBjUERjnnYOiglvoLonrrL.pkg	NOT REQUIRED	UP4181-NPUB30339_00-FUNKYLABRATAMERI	2019-04-03 12:16:36		159241776	
NPUB30391	US	RISK™ Factions Demo	http://ares.dl.playstation.net/cdn/UP0006/NPUB30391_00/SODmSgIcudTthTDfvZacbtAeofkxeGsWChuSCSVuWbOAXrCjROKRjalNMBduqzVCjBFIsrbZznokpLOvIqyyifFswXnAGeRISwxmo.pkg	NOT REQUIRED	UP0006-NPUB30391_00-RISKFACTIONS0001	2019-04-03 12:16:36		613986992	
NPUB90415	US	Dead Space™ 2 Demo	http://ares.dl.playstation.net/cdn/UP0006/NPUB90415_00/IIZXzuSZPcXgrVweVSWteHLooTkVFgkzjKifjMTicakjmMyUqdOzZQfZwmDofXJElyOrsIjpqyhfxqhwkhQFeOJwKNBsybCGvhVdH.pkg	NOT REQUIRED	UP0006-NPUB90415_00-DS2CODEMOEN00001	2019-04-03 12:16:36		1463529600	
NPUA70107	US	Beat Sketcher™ Demo	http://ares.dl.playstation.net/cdn/UP9000/NPUA70107_00/QYVqQnLmvMbXYjPDHEwaXDllTTWVYNVcYvYZDBajfMQSeHVPhpGikSaoIRyTQTeXfWOzQYBCDtbidzEmTAWkcxsogmxJslHHUdYdh.pkg	NOT REQUIRED	UP9000-NPUA70107_00-BEATSKETCHER0001	2019-04-03 12:16:36		219871888	
NPUB90488	US	Need for Speed™ Hot Pursuit Demo	http://ares.dl.playstation.net/cdn/UP0006/NPUB90488_00/qHxylt4CEUOfkj1wMiahIGAsl4IHaS7OhVSQdYlTa0gx94UAxRWpXqswCTOaw8L79R87X18Km9DhTvLwcebXME6fY32p5gdCD92gk.pkg	NOT REQUIRED	UP0006-NPUB90488_00-HOTPURSUITDEMONA	2019-04-03 12:16:36		1657042832	
NPUB90472	US	NBA 2K11 Demo	http://ares.dl.playstation.net/cdn/UP8801/NPUB90472_00/YXpbjRBH2aWRGBDtYRQjDyEDC5AJifr8yoGN51qwdvy0yp9sedCSUdLrTkqiwGSq0HAtqfxCgMVdDp3DcvB6Bd84KseniNgvCDi4y.pkg	NOT REQUIRED	UP8801-NPUB90472_00-NBA2K11DEM000000	2019-04-03 12:16:36		743775616	
NPUB90104	US	1942: Joint Strike Demo	http://zeus.dl.playstation.net/cdn/UP0102/NPUB90104_00/xajUlYHMwUgqAA0hB1E3TglCjXt8vn2VMbYNdxlo2qXtOJ2YAM4xmry2HJWTdnUhvab5ynT7gYIfb3ULnJmDa2sHq9LP0cjy06l3a.pkg	NOT REQUIRED	UP0102-NPUB90104_00-1942XXXXX0123456	2019-04-03 12:16:36		135979824	
NPUA30003	US	Zuma™ Demo	http://zeus.dl.playstation.net/cdn/UP0017/NPUA30003_00/ioK4HQEme7gxPUvRL2GdkKcQ22m8NSbH18wyykhfRciOKfcS3wRbg8wDi5mV55RqLthom20FQkQoMj2bdmlYMABmssDfnsbDMVP9s.pkg	NOT REQUIRED	UP0017-NPUA30003_00-ZUMAGAMEPS300000	2019-04-03 12:16:36		19848432	
NPUA70023	US	Warhawk™ Demo	http://zeus.dl.playstation.net/cdn/UP9000/NPUA70023_00/ilETQl34TT3NN4BOA4nomOxa65cuNJvUJnfT9CkN0nwF2fPgNsMrnr1h31hwyFbNEkgsyiI44uAcsN4aTaB2Pu5NEJjy60xE8L1ho.pkg	NOT REQUIRED	UP9000-NPUA70023_00-WARHAWKNPUADEMO1	2019-04-03 12:16:36		897428640	
NPUB90441	US	VANQUISH Official Demo - Velocity Attack	http://ares.dl.playstation.net/cdn/UP0177/NPUB90441_00/NFSIf8aDNSAR5XDCslExUh54rQGItMKStbTT4SqO5yFhfNtvBwHKkMcQ74HWTPBFSpuBIk8tpkTWgunql37EJoVL82l8MJSvSClYU.pkg	NOT REQUIRED	UP0177-NPUB90441_00-TRIAL010000000US	2019-04-03 12:16:36		744498272	
NPUB30283	US	Tales of Monkey Island™ - Demo	http://ares.dl.playstation.net/cdn/UP2026/NPUB30283_00/7mBId0rdK37rcFIceAljHUukpWl0hl5CcruPbjBmKEo7hargXO6fkq5aLTxTKuISRqor7qaQpgcfsd8eHgF4ach5J3CJWwT57ys1D.pkg	NOT REQUIRED	UP2026-NPUB30283_00-MNK101000000GAME	2019-04-03 12:16:36		237656416	
NPUA80063	US	Super Rub a Dub™ Demo	http://zeus.dl.playstation.net/cdn/UP9000/NPUA80063_00/4uFBKgHu7a8o4wrFjmWyrCYDybVgBRjATy1d1Geqr0XcsQK5fad4EmopVAppwTIeWW5knhcQWhM4l4jVfMNN4WyCRcJCwWBeIpI1q.pkg	NOT REQUIRED	UP9000-NPUA80063_00-DSUPERRUBADU0300	2019-04-03 12:16:36		195866144	
NPUB90049	US	Stuntman: Ignition Demo	http://zeus.dl.playstation.net/cdn/UP1005/NPUB90049_00/7JFOqhU9ryFaWWa7D7qbJHGDDeskWQ7SCaq6EpNO3wgNYOimssvwdAPDPA1tN18ikJhJBgnc0D4R2STgO9JJcvr3s898AQS13CQxT.pkg	NOT REQUIRED	UP1005-NPUB90049_00-STUNTMANIGNITION	2019-04-03 12:16:36		637358000	
NPUA70101	US	Sports Champions™ Demo	http://ares.dl.playstation.net/cdn/UP9000/NPUA70101_00/LM7XQCchDq6itbkdLkmCALrNs31mHX4vgL6w3BGfHrHpqSwxen2rxqsReiSc1BiOtGTCYPbdNnwntWBiG0qxPtTlwxUcg2H8b3HcI.pkg	NOT REQUIRED	UP9000-NPUA70101_00-SC00000000000001	2019-04-03 12:16:36		1062822960	
NPUA80072	US	Snakeball™ Demo	http://zeus.dl.playstation.net/cdn/UP9000/NPUA80072_00/Q49C5GaOLp2dES3L0jJk9NmeAF9t3jmlsysIeTmVsC5JxLCO8RM82j1QdTns5gRYOt24fnyB7qPSl8j5VoYIG2irHNlqjQTsRqKln.pkg	NOT REQUIRED	UP9000-NPUA80072_00-SNAKEBALL0000001	2019-04-03 12:16:36		80736768	
NPUB90462	US	SPACE INVADERS INFINITY GENE Demo	http://ares.dl.playstation.net/cdn/UP0082/NPUB90462_00/RBmumtAH6hJoEUKWFicFreAmMOx2coNhBJmll3AIfKmaKvPrAT2HndiqDhe6GgAJHR7WvlLhVb71fh3OWaScC2sCAr6OGYqlJU4yi.pkg	NOT REQUIRED	UP0082-NPUB90462_00-INFINITYDEMOGAME	2019-04-03 12:16:36		62296720	
NPUB90444	US	NHL® 11 Demo	http://ares.dl.playstation.net/cdn/UP0006/NPUB90444_00/RFUeJHUR7EFDLyXlTf0WW9yyaWraDF4yyh9tPwf5iwoX2SdJdPvtNgky1ffG8EuSMatn4UgWapBG5Uq1Re0nWNltagXRHPnk2a3rQ.pkg	NOT REQUIRED	UP0006-NPUB90444_00-NHL11DEMO0000000	2019-04-03 12:16:36		1349258784	
NPUB90432	US	NBA ELITE 11 Demo	http://ares.dl.playstation.net/cdn/UP0006/NPUB90432_00/eUw3VJshFNBG5BvBxmdIVSdqGKyGviJ6khh2u8blnLFvnWayAXeBBi67X462Pu4JKy0E0tnMB5psniu5wAjQPwVPWSdAgUjh0wD5T.pkg	NOT REQUIRED	UP0006-NPUB90432_00-NBAELITE11DEMO00	2019-04-03 12:16:36		967373504	
NPUB90300	US	Lost Planet®2 Co-Op Campaign Demo	http://zeus.dl.playstation.net/cdn/UP0102/NPUB90300_00/1VpasW3o9FuXaputspeRehHwUAaImbXpdRQ4LfTygEm0oa8Jx9Ofy7wNsje6FYuG1nkrMBruKefgupL7ad6aP0syfM6yoWiHWJmUd.pkg	NOT REQUIRED	UP0102-NPUB90300_00-LP2CTYKYHHROZTK0	2019-04-03 12:16:36		514887328	
NPUA70098	US	Flower Demo	http://ares.dl.playstation.net/cdn/UP9000/NPUA70098_00/67xLJO1Exp1BlJKyBapP17RJA2OsD9YSik4xFwqmPqkb29vj4bwvhJQsjlqXoRcVGhkCP5CYkNISARVwBY6l78caOKAIExDa1xRqg.pkg	NOT REQUIRED	UP9000-NPUA70098_00-DFLOWERXXX000001	2019-04-03 12:16:36		737937360	
NPUA70059	US	Fat Princess Demo	http://zeus.dl.playstation.net/cdn/UP9000/NPUA70059_00/OmO2IN1avjdrxY9SyGbAlk3Apm4151f8e4Jn7aM4bwUfskCRq4jwJ17j0doD4ELsJcj5QGv3gp1nUciOhHFLVG4LtlRhSOqBu0t11.pkg	NOT REQUIRED	UP9000-NPUA70059_00-FATPRINCESSDEMO1	2019-04-03 12:16:36		245748208	
NPUB90417	US	Death Track: Resurrection Demo	http://ares.dl.playstation.net/cdn/UP4054/NPUB90417_00/DFa7MsUOwI1wlf34yI32RReETNqv7IGW2SJtk7D1xvU8PXKCTfpAKsgUeA6GNWwiQbFBhB8DcAfY6InKGRewx1W6V00sNcsfAAxs1.pkg	NOT REQUIRED	UP4054-NPUB90417_00-DEATHTRACKDEMO00	2019-04-03 12:16:36		242889072	
NPUB90079	US	BIA: Hell's Highway Demo	http://zeus.dl.playstation.net/cdn/UP0001/NPUB90079_00/twXLLj6F4GnlObYLGYHXiWRiYSkWvJoFOHM9sKKcIFka1x6iMi05s3RRjywN0lbkuo9TQdjO5IXT42hWukaXxvGQQysfJ0Cc2tw88.pkg	NOT REQUIRED	UP0001-NPUB90079_00-BIAHHDEMO0000001	2019-04-03 12:16:36		1310476208	
NPUB30181	US	Castle Crashers® Demo	http://ares.dl.playstation.net/cdn/UP2015/NPUB30181_00/0ynfk37IHJ5nXuLpGEOAp3GDgQJ2ay4hr4LvHHSuydLud8FgXbNjyoAgf1dUQGuab1KP0cIwtsdP8GppwWbUQB7b7hKacXAV48Gjj.pkg	NOT REQUIRED	UP2015-NPUB30181_00-CASTLECRASHERS01	2019-04-03 12:16:36		159678048	
NPUB90314	US	Call of Duty®: Modern Warfare® 2 Cliffhanger Demo	http://ares.dl.playstation.net/cdn/UP0002/NPUB90314_00/b4AWs0WaabpyenmBC0amuLELtyk266Tp8uYtCVltIqyHi3M5OTYlMHANTStFQsNRTK55s61Odt0Gke3WtABLK0O9iDtSanbKAq4jU.pkg	NOT REQUIRED	UP0002-NPUB90314_00-MW2SPDEMO0000000	2019-04-03 12:16:36		1201152816	
NPUB90387	US	Madden NFL 11 Demo	http://ares.dl.playstation.net/cdn/UP0006/NPUB90387_00/VippdFY57vHkxxjRVDkwbpai2FiJ9xAbaFFFtBoWylYqOWmkRCkXcTg1LeGxfxPqiY3isnSo7OCUUW1IiHEmNvaelD8OpnDRXTee7.pkg	NOT REQUIRED	UP0006-NPUB90387_00-MADDENNFL11DEMO0	2019-04-03 12:16:36		1786057456	
NPUB90321	US	Lost Planet® 2 Multiplayer Demo	http://zeus.dl.playstation.net/cdn/UP0102/NPUB90321_00/ok0sX6XbcJrmEX1UthYg3WCQWBKdt41li6Dtdy6kp9i3rxF20XNeWlJM5I3ho189Ms3d4beDfAdurfcmnokNSaNeEM99BhyODlae7.pkg	NOT REQUIRED	UP0102-NPUB90321_00-LP2MBYKYHHROZTK0	2019-04-03 12:16:36		384948608	
NPUB90393	US	Wakeboarding HD™ Demo	http://zeus.dl.playstation.net/cdn/UP2004/NPUB90393_00/xVJ6eyRHXVIem8i7LOdFr5tlQ0VHf4qfSaQfS4pObUdXHGm4lttdB91MHy4qrA4vpVtVgumxKlssKvpvKs0vGG4aFccXqXcEuaCgm.pkg	NOT REQUIRED	UP2004-NPUB90393_00-WAKEBOARDINGDEMO	2019-04-03 12:16:36		124306176	
NPUB30123	US	Rocket Knight Demo	http://zeus.dl.playstation.net/cdn/UP0101/NPUB30123_00/S4No0pFa8NHETU2TD8lsBVMMDKbr1AKmSONTe59l7W1UcxWHOvJaWURpJdUl5Rc3r2CyYMiRLjiKA2jq61QdpMMc11kkbQoKxxVug.pkg	NOT REQUIRED	UP0101-NPUB30123_00-ROCKETKNIGHT0000	2019-04-03 12:16:36		449705136	
NPUB90404	US	NCAA® Football 11 Demo	http://ares.dl.playstation.net/cdn/UP0006/NPUB90404_00/loQraqfhlSQGUTMbiOdCORqOuIBwC2XaJWJDCYMvD1RNTw7QyoXXuxyDhGMlDSOveXXSohdDigg1kIs6CyeV7OV4l6Tg6HarijysH.pkg	NOT REQUIRED	UP0006-NPUB90404_00-NCAAFOOTBALL11DE	2019-04-03 12:16:36		1870404800	
NPUB90242	US	Backbreaker Demo	http://ares.dl.playstation.net/cdn/UP4040/NPUB90242_00/MwBvQR1V9Uw0AqUMdL5Eo7MJv6GqLXX7y8gOFLtK4P7qiva6yrpRgrtXKU2KbgngnXpQQTbvqB8QXO675RVc18dcJBt7jQGHD0GOv.pkg	NOT REQUIRED	UP4040-NPUB90242_00-BACKBREAKERDEMO0	2019-04-03 12:16:36		457575936	
NPUB90353	US	Army of Two™: The 40th Day Demo	http://zeus.dl.playstation.net/cdn/UP0006/NPUB90353_00/VgeS9fwMQrWLQtpFEA2K14TOrvFA8HuiKCi2FiC7gOIhbjd7yy4Tk570ajyCiSUFxaW7yqIQh1VQF9wYh01ICwHe6DgGEqESObaIA.pkg	NOT REQUIRED	UP0006-NPUB90353_00-ARMYOFTWOTFDD00A	2019-04-03 12:16:36		1543788256	
NPUB90380	US	Iron Man™ 2 Demo	http://zeus.dl.playstation.net/cdn/UP0177/NPUB90380_00/Mbc95E2pK0JJ7e4dKmbjqnly1F3snPr8kFVjgxf2QgDV9hVGDo6QnssDio2V0Fatt15pGrFNG29q4J8wfWoXUkLEUYiRx1YxaIyrN.pkg	NOT REQUIRED	UP0177-NPUB90380_00-0000IRONMAN2DEMO	2019-04-03 12:16:36		1637328736	
NPUB90418	US	Hamsterball Demo	http://zeus.dl.playstation.net/cdn/UP2016/NPUB90418_00/NdHuyMmXdFFVgWXmvDvkFV5yn0lUdNqVjtoV4rHSH2aYf9a3U4lvkbI42WcYVdOyXrakN5EfqSYvMGTOOcw2punJ0W9EiHicu6q9F.pkg	NOT REQUIRED	UP2016-NPUB90418_00-HAMSTERBALLDEMO0	2019-04-03 12:16:36		131559984	
NPUB90245	US	Split Second Demo	http://zeus.dl.playstation.net/cdn/UP1082/NPUB90245_00/StMWqXV8YQgFC3jgo5LksP8xCRScju0nVCs1x6Eclh7oeovqqYD6puBNTxIKnNsykxOWgCP4MYadv4RSkXfNI4Mjq4BR3teQCF7BX.pkg	NOT REQUIRED	UP1082-NPUB90245_00-SPLITSECONDDEMON	2019-04-03 12:16:36		788427920	
NPUB90356	US	Planet Minigolf™ Demo	http://ares.dl.playstation.net/cdn/UP4042/NPUB90356_00/bmtl0iMwpFkWhlhc3toikUk7CPXH5qDPsehFrL3aBh5sPfAXWnxlvOiyat2ieWuIXGgHIjnouvWwak3EthSENOigAmDMInvdHv42l.pkg	NOT REQUIRED	UP4042-NPUB90356_00-PLANETMINIDEMO01	2019-04-03 12:16:36		407417696	
NPUB90369	US	2010 FIFA World Cup South Africa™ Demo	http://zeus.dl.playstation.net/cdn/UP0006/NPUB90369_00/q4QpU6pceQqki1fBVRW4sxXtuieOYc3fCVclWiTLGlqp9UN4iybf0p9v2JnGw3N2J2p2rNquVQJ8Ap5SEs3ktThFQheh1tcwmGHIE.pkg	NOT REQUIRED	UP0006-NPUB90369_00-2010FIFAWORLDCUP	2019-04-03 12:16:36		1125877824	
NPUA70080	US	God of War® III E3 2009 Demo	http://zeus.dl.playstation.net/cdn/UP9000/NPUA70080_00/5iRllWMU4BoqkiH57qLAAI7coIx20MWp0wqtL5MqvKPLSBsruTxL33ftO29lt9KfFsy2wyJD6cESsLxuMeLu4YIJUahYKhCCdt26B.pkg	NOT REQUIRED	UP9000-NPUA70080_00-PRESSSLICEBOOT02	2019-04-03 12:16:36		2800432112	
NPUB90111	US	Fracture Demo	http://zeus.dl.playstation.net/cdn/UP1010/NPUB90111_00/oMCGXuYaOmquKyjQT3P81xWU9axIXM8BOb3OXsfelG4OEEBsE104rKcyvOwwGH9abJiKJbxlAU2Ny7RBQkhkyXfIF7jyoeSPg8b21.pkg	NOT REQUIRED	UP1010-NPUB90111_00-FRACTUREDEMOSCEA	2019-04-03 12:16:36		919148864	
NPUB30052	US	FLOCK! Demo	http://zeus.dl.playstation.net/cdn/UP0102/NPUB30052_00/4saIlPN1ut8dK8ivfhqEH15GblK2XbVFxD0NN7I5Dra0Sm0IIxiygcjHObjgUtEIDhypJIl4uW1oqkR0hYFtkwhvt8stHoMvBPWK9.pkg	NOT REQUIRED	UP0102-NPUB30052_00-GAMEPACKAGE00000	2019-04-03 12:16:36		95362848	
NPUB90288	US	FIFA Soccer 10 Demo	http://zeus.dl.playstation.net/cdn/UP0006/NPUB90288_00/B13vYRj01vwTMWawlqkwb7H95CpswKX6nSRBYE2uK3nbe5XTfEqPeg9fta8vh9XDWwdkgyw00uw310O4NNlRSEN8oKKXHBrLqAEqy.pkg	NOT REQUIRED	UP0006-NPUB90288_00-FIFA10DEMO000000	2019-04-03 12:16:36		1043026096	
NPUB90032	US	The Darkness Demo	http://zeus.dl.playstation.net/cdn/UP1001/NPUB90032_00/NiUbkNqx89rDcaOBBRu0vaNjcVx7FbbwyfSa5DqjQ35kaySAUcNwba5Ef6RUK6nxA0SGAjufRg4biqlE1br7xGLTjfUuWaXDUpteF.pkg	NOT REQUIRED	UP1001-NPUB90032_00-THEDARKNESSDEMO0	2019-04-03 12:16:36		1513069488	
NPUB90037	US	Conan Demo	http://zeus.dl.playstation.net/cdn/UP1005/NPUB90037_00/G1wmLJSEJyYk5w0lNovli792YPQqLERpuBGKghqrcJbgUPwWKL4m0V9PpdjlATwE3J4VNaGGHVfo8eWbFJMPiEKRDDKnaJNmmR2Sg.pkg	NOT REQUIRED	UP1005-NPUB90037_00-1907160214130013	2019-04-03 12:16:36		567206416	
NPUB30022	US	Bionic Commando™: Rearmed Demo	http://zeus.dl.playstation.net/cdn/UP0102/NPUB30022_00/rNVsBUICj3SYCp7iiJyJgF06jJxVkYm34vrsJPPcCdRhuOkkMrBOAbmeqwchkC9jFYK4lb47hsFYC8qDnH8kSJimlWpiImPfuiBkB.pkg	NOT REQUIRED	UP0102-NPUB30022_00-BCRDEMO000000000	2019-04-03 12:16:36		391689984	
NPUB90096	US	Pure Demo	http://zeus.dl.playstation.net/cdn/UP1082/NPUB90096_00/7cq6mltlvdBGh3T63hgj0A1Kf9w1mDfDotq1RSNlcjDMy8yd2DeMUCfoc5nGF0rAMgN7DquQf6VGf7lqcDx8PwVEeLMCPaJEvYYmh.pkg	NOT REQUIRED	UP1082-NPUB90096_00-PUREDEMO00000000	2019-04-03 12:16:36		1337142400	
NPUB90033	US	Need for Speed™: ProStreet Demo	http://zeus.dl.playstation.net/cdn/UP0006/NPUB90033_00/kxwmdF92eAjmB5xorp5tf6OQ5A3nnac3wjMBV9In4qTGC2rGav6iweqqVaElefeAXaCVHJwsSLlP8vXi0rk69KeI3ByBKWRf4LnkX.pkg	NOT REQUIRED	UP0006-NPUB90033_00-PROSTREETDEMO002	2019-04-03 12:16:36		950358784	
NPUB90053	US	Juiced 2: Hot Import Nights Demo	http://zeus.dl.playstation.net/cdn/UP1005/NPUB90053_00/ecH9xt2EoCPrcXwaBbjl8fCB1XUuSxR4El9XTQWrt8plyVQ7q6GKAdIR4n3IBWP50cltW273v3Wiuck5KuaUiM8ksCypvgqoQpqYy.pkg	NOT REQUIRED	UP1005-NPUB90053_00-JUICED2HINDEMO01	2019-04-03 12:16:36		1015250096	
NPUB90230	US	Ghostbusters™: The Video Game Demo	http://zeus.dl.playstation.net/cdn/UP0182/NPUB90230_00/3bCBcSBkDBJGEmArbfkQDkPRMBDaAvryDayhlNj3S7prMETqHPiPiRvPk0mhvwk957NteAAYmdNq2F2beY2m3jYldgW6WcmN1D8rW.pkg	NOT REQUIRED	UP0182-NPUB90230_00-GHOSTBUSTERSDEMO	2019-04-03 12:16:36		645569856	
NPUA30002	US	Bejeweled 2 Demo	http://zeus.dl.playstation.net/cdn/UP0017/NPUA30002_00/Jtjh2BLj2lxls0no6QHRYAObnFH1O0fx3fMopA51KWAxNvCgyId4ca9TICIJYOcud74Tj35aevkqpfpSn6Hbxjl1YcTgkgD9G80oh.pkg	NOT REQUIRED	UP0017-NPUA30002_00-BEJEWELEDGAMEPS3	2019-04-03 12:16:36		23352560	
NPUB90359	US	Just Cause 2 Demo	http://zeus.dl.playstation.net/cdn/UP0082/NPUB90359_00/U2DU78vDMfdKBiVPV8PdOMkH34PvuI74bequw1theIP0CWIDX72QvCyppASngPj82dSbTIpVMfyP5M4hgWOo6yd5PkIFX63asLPDd.pkg	NOT REQUIRED	UP0082-NPUB90359_00-JUSTCAUSE2DEMOXX	2019-04-03 12:16:36		1507924704	
NPUA30006	US	Feeding Frenzy™2 Shipwreck Showdown Demo	http://zeus.dl.playstation.net/cdn/UP0017/NPUA30006_00/bvlXEi5JR1VWGth0W6muNSsnVDefNBwYV6qvYslgCXStPjV4eXXm8vFc2RWRr2tgEfnMxeMQudai7hSqSQeC7omWDJUKnwDaYka7H.pkg	NOT REQUIRED	UP0017-NPUA30006_00-FEEDINGFRENZYPS3	2019-04-03 12:16:36		58568464	
NPUB90195	US	Darksiders Demo	http://zeus.dl.playstation.net/cdn/UP1005/NPUB90195_00/bpD4QM6XmyLBoYQT1JALW36w7KUK9UkgW7IWGALYOv3SYb5XPXsoPajcCl4vfVvD2UFb222F5S3gKxNAIxiMQ0I06lhRri2nRaQRU.pkg	NOT REQUIRED	UP1005-NPUB90195_00-DARKSIDERSDEMO01	2019-04-03 12:16:36		1444441728	
NPUB90275	US	Sonic & SEGA All-Stars Racing™ Demo	http://zeus.dl.playstation.net/cdn/UP0177/NPUB90275_00/nhtAkuR1feu6ShwrmDfOunuVJBlQcJ7isu08nplYrLUuRAoL8kXG5H8BV6HSKIooqq96ihswwldtOu5kmP8XYvEV3Fe8CMY41HUvF.pkg	NOT REQUIRED	UP0177-NPUB90275_00-SEGARACINGDEMO00	2019-04-03 12:16:36		866477936	
NPUB90286	US	Digger HD Demo	http://zeus.dl.playstation.net/cdn/UP4073/NPUB90286_00/hAY7FMrRTFP3UcSv1eqqSBR1a1Mkh0KsdErVRBRH2IyPXStBptsg9HbQoPrUYBGMvTeiD8UALjQqN5vawXPDHQMul6cyQAy0sHH8j.pkg	NOT REQUIRED	UP4073-NPUB90286_00-DIGGERHDDEMO0000	2019-04-03 12:16:36		50631520	
NPUB90225	US	Aliens vs. Predator™  Demo	http://zeus.dl.playstation.net/cdn/UP0177/NPUB90225_00/YrJ5dcMWuln0vcYIaDbAOXOPa0G9TefdipPYpwcM7aBXDlhVxyQYAkRTK87wCVtKHbnIvoKSTWL9JC7OrlVRM7RhDb5RgytD41fD6.pkg	NOT REQUIRED	UP0177-NPUB90225_00-AVPDEMOUSA000000	2019-04-03 12:16:36		815818224	
NPUA70088	US	Heavy Rain® Demo	http://zeus.dl.playstation.net/cdn/UP9000/NPUA70088_00/NdqEJT8jFaxJSyYD5IOdkqlI34o3Xj4isAWKF3Sgf5swKp9tGWaCfmmTa5rbAttY17PEAIAMOfSe7jKCivp67TNcTfTnCiIkPboYM.pkg	NOT REQUIRED	UP9000-NPUA70088_00-DEMO000000000001	2019-04-03 12:16:36		1450921552	
NPUB90325	US	Need for Speed™ SHIFT Demo	http://zeus.dl.playstation.net/cdn/UP0006/NPUB90325_00/qbmRg3RBivrW0SAJqpsxxVDy0v2XSHYnJVH5Uheb428eArpCtU9EWJJW00mKj4N8Pmq89OR0rwDq5GM5k0pkASdKcSrVh6jFL0cOe.pkg	NOT REQUIRED	UP0006-NPUB90325_00-NFSSHIFTNETWDEMO	2019-04-03 12:16:36		894857920	
NPUB90185	US	Bayonetta™ Demo	http://zeus.dl.playstation.net/cdn/UP0177/NPUB90185_00/U2I0IeOE1SfJ7kM7e7wAdhEque7y6axNym8OE4K8EPXt7TxjHtB4tm1kvlFrgyiq7d1aoOxMqnc0Q7yP1tpfqlt4BIf41kBA4JiPg.pkg	NOT REQUIRED	UP0177-NPUB90185_00-BAYONETTADEMO000	2019-04-03 12:16:36		1744238640	
NPUB30102	US	Matt Hazard: Blood Bath and Beyond Demo	http://zeus.dl.playstation.net/cdn/UP0367/NPUB30102_00/MBN2nkv9nbm9t61UaBwyJo8O5GF4YL5FIG49NKogE6CGbxhy0SxolqCv8fcvhIswL1Uq4585VLF2A5EsYhutaLvyv8RDFODb6UtdL.pkg	NOT REQUIRED	UP0367-NPUB30102_00-MATTHAZARDDEMO00	2019-04-03 12:16:36		551521728	
NPUB90276	US	Vancouver 2010™ Winter Olympics Demo	http://zeus.dl.playstation.net/cdn/UP0177/NPUB90276_00/ToMkfpDkYSu3mB6AmYKcXdNMOcuxYHpLbhDBGILKdKHPtPGXf8R3Ykbk7oMI9SKkWuxtRPOivc6n0iP3o07RyfAOxnqDhv92QuALm.pkg	NOT REQUIRED	UP0177-NPUB90276_00-DEMOVANCOUVER001	2019-04-03 12:16:36		707053600	
NPUA70092	US	UNCHARTED 2: Among Thieves™ Single Player Demo	http://zeus.dl.playstation.net/cdn/UP9000/NPUA70092_00/aOsUFugTWBTQvucCdIoiN3qu09GwxJyjAPiWCFsbcpgmrb7F6F3LnrxrAJf03OhVjClWunNSjKVMN0QI1M0apRWiCuS0HbN0hNL9n.pkg	NOT REQUIRED	UP9000-NPUA70092_00-UNCHARTED2KSK001	2019-04-03 12:16:36		1961135056	
NPUB90332	US	Dante's Inferno™ Demo	http://zeus.dl.playstation.net/cdn/UP0006/NPUB90332_00/LcFVVCy17vBI1tl4e6pnPoyUIUSAyd5bnERkTYwg7gBpVfQVVLnAoOlnL1OgRgVgdOyq0KPDQRWtsyWAmU3orMjyUaENFbJvR9E8n.pkg	NOT REQUIRED	UP0006-NPUB90332_00-DANTEINFERNODEMO	2019-04-03 12:16:36		1059806864	
NPUB90016	US	Virtua Tennis 3 Demo	http://zeus.dl.playstation.net/cdn/UP0177/NPUB90016_00/bTrxuDrnuGeY1I6p0daCEH8C7ePAVJe9YdMAmy3u72NAq7mWvIvWWUTghukIGDtejMq9knQifoFuiVQLJXvIlVfwfUiR9sxhKiplf.pkg	NOT REQUIRED	UP0177-NPUB90016_00-0000111122223333	2019-04-03 12:16:36		858281152	
NPUB90247	US	Disney-Pixar UP Demo	http://zeus.dl.playstation.net/cdn/UP1005/NPUB90247_00/qWu7ORdymtEMiXCQtuinBJTOIa2h4Q4jl8EkHjwKxNvh4nftRGveH2vT8JrjmwnikBeXSuGEKJN49LPou5dTNgWhFbOfdOAQmOuNd.pkg	NOT REQUIRED	UP1005-NPUB90247_00-UPDEMO0000000001	2019-04-03 12:16:36		1055096832	
NPUB90241	US	UFC® 2009 Undisputed Demo	http://zeus.dl.playstation.net/cdn/UP1005/NPUB90241_00/nAaVmhnDYRThPegj7yWe3hEqxstud2a0k5aCnSLcyYw6rMjj0UWFhOmFMp4inAvrNwGBTGqiyXMTqONhTYKtIyQyAKdEcbmxR47aU.pkg	NOT REQUIRED	UP1005-NPUB90241_00-UFC2009DEMO00001	2019-04-03 12:16:36		587951936	
NPUA70047	US	Trash Panic™ Demo	http://zeus.dl.playstation.net/cdn/UP9000/NPUA70047_00/GUU486ETAkyNvoj9VwCf647mmwUg51crem7emPjJqSUe8gaxXmmpHciIWTQH47ntqKc92KVWQYWByiRIMUxClNhci33MqK7XYuAHh.pkg	NOT REQUIRED	UP9000-NPUA70047_00-0000000000020080	2019-04-03 12:16:36		210370592	
NPUB90044	US	Turok Demo	http://zeus.dl.playstation.net/cdn/UP1080/NPUB90044_00/BSJGDEsRRTusrfse2bo1sCatrSFnM4NqyvfVfdj19thqxY5e5AY9rd2wtVsjm06CL1qAaqRgPWmkY2RD7uC0reex1DyEFPjODm4Hd.pkg	NOT REQUIRED	UP1080-NPUB90044_00-TUROKPSNDEMO0000	2019-04-03 12:16:36		1187277264	
NPUA80104	US	Toy Home™ Demo	http://zeus.dl.playstation.net/cdn/UP9000/NPUA80104_00/9gE8EgXAQ5hSvSBo8Y49boI49rgYMHYvoiWGXDHPamThPFMxx7VeewUvWmpCxehWhGffC3AUcCBvmJSYIn9oSTdiV4Nq3SJWB3YU4.pkg	NOT REQUIRED	UP9000-NPUA80104_00-000000000000DEMO	2019-04-03 12:16:36		527499088	
NPUB90342	US	topatoi™: Demo	http://zeus.dl.playstation.net/cdn/UP4009/NPUB90342_00/39cMC7qwOLWV030yMWD6LtRYVJnw459xJThr0iPygxIjAGkJe5tG0kPN9WcP9R6Kp4VV7NCCS4g7B8vWrTO8CI5sijdCCJ6XxPW6j.pkg	NOT REQUIRED	UP4009-NPUB90342_00-TOPATOIDEMO00000	2019-04-03 12:16:36		96353456	
NPUB90127	US	Top Spin 3 Demo	http://zeus.dl.playstation.net/cdn/UP1001/NPUB90127_00/7i94WiyrPKVdAoqhpSByt2oSbnxG06yJrtuDBdpHLKKU1AnEfACNcvx6JF4Cir0DuH4cgEMxCOjaEtpdPNLjJpk7tV2mdQw2K4l9a.pkg	NOT REQUIRED	UP1001-NPUB90127_00-TOPSPIN3DEMOUS00	2019-04-03 12:16:36		463277488	
NPUA80068	US	Super Stardust™ HD Demo	http://ares.dl.playstation.net/cdn/UP9000/NPUA80068_00/qxjhTYoWiYWpyVfyJxxlRrkXJHCwHyHgwelerHIUBhJXrqYqcgufLPXpDwyPUJBtOIWQGUGNJJLEvxWIcMrHYvbEjbMbOsAtFxwtJ.pkg	NOT REQUIRED	UP9000-NPUA80068_00-STARDUSTDEMO0001	2019-04-03 12:16:36		287519792	
NPUB30084	US	Star Trek®: D-A-C Demo	http://zeus.dl.playstation.net/cdn/UP2017/NPUB30084_00/Fx8GYkV8RfedXaUVY2YedRTcVw1P0qvBLleUXKH7yb1LRGvVw9DLJctFjPBQEAi51CFPheaPEh0Iggbq7UPcQWDAi5rfoy850Ahvq.pkg	NOT REQUIRED	UP2017-NPUB30084_00-STARTREKDAC0DEMO	2019-04-03 12:16:36		139473440	
NPUB90273	US	Smash Cars Demo	http://zeus.dl.playstation.net/cdn/UP2004/NPUB90273_00/wjPvrGcvL1S9SxLnngo6W8WqE8dNs9BRlAQf3j4w33oMNorS74mkg7iDUssJt1FYmM6ua7vQmne5Ws0SeiudPb4jdMBA0xgB04Eur.pkg	NOT REQUIRED	UP2004-NPUB90273_00-SMASHCARSDEMO000	2019-04-03 12:16:36		208031728	
NPUB90055	US	SEGA Rally Revo™ Demo	http://zeus.dl.playstation.net/cdn/UP0177/NPUB90055_00/6Md2xwEM0na5n3tvX4kuOVqJGUbIKIFviJwv2A3sukeRDGSRLOYlr9QL81riTR8n8PEeMu9xOAiX0lRTWeA0MAqVJKxWQ77spdjLb.pkg	NOT REQUIRED	UP0177-NPUB90055_00-SEGARALLYRDEMO01	2019-04-03 12:16:36		747315712	
NPUB90192	US	Resident Evil® 5 Demo	http://zeus.dl.playstation.net/cdn/UP0102/NPUB90192_00/N9grHvS7bWxfqIj5nhmv3GcCc6MR0M17fWFOJI0ijhIQcdUjkGobYWF2KA0SM49ToLtjNdhP2p3b4PT9799k1vaqIMPcHvVQ6u58q.pkg	NOT REQUIRED	UP0102-NPUB90192_00-RE5DEMO000000000	2019-04-03 12:16:36		987679072	
NPUB30030	US	Red Baron® Arcade Demo	http://zeus.dl.playstation.net/cdn/UP1002/NPUB30030_00/OTponHyEj6xuBoAetRgwIaUQPITtaUjh2J5IixTtn0eiYqeuS8Vwl1f8r5Y0Ji5nqnvh4t8bFk2eovtVUM7FamraPiQ0YXp7VOxtL.pkg	NOT REQUIRED	UP1002-NPUB30030_00-REDBARONDEMO0001	2019-04-03 12:16:36		142113312	
NPUB90320	US	NBA 2K10 Demo	http://zeus.dl.playstation.net/cdn/UP8801/NPUB90320_00/P7wYL19T1PIyRmTidvMWerxjX0X5UVJCTvngvXCrCYRB4NIjBCNqdwNPMer0NM3ac4C8bNo9VFMTaFMkBtNfSYvmkgKkGW3uGTDvK.pkg	NOT REQUIRED	UP8801-NPUB90320_00-NBA2K10DEM000000	2019-04-03 12:16:36		489673008	
NPUB90120	US	NASCAR 09 Demo	http://zeus.dl.playstation.net/cdn/UP0006/NPUB90120_00/WajF3MTvlemaM9HBkTn9UQDT14wboHPln0nVObCOIkcVkhfyMt8mm1KlNWnpeUUYumK0oP00ykcynVEr0WQoclh2JAAvw5lLlRTO9.pkg	NOT REQUIRED	UP0006-NPUB90120_00-NASCAR09DEMO0000	2019-04-03 12:16:36		689243104	
NPUB90036	US	NASCAR® 08 Demo	http://zeus.dl.playstation.net/cdn/UP0006/NPUB90036_00/p7q6puXLu313IfpSVTO3OKsCh1XUDOnU6sEAruUUKTjrUAkrsjxRumhUFDsyO2pBJYeJfJSSYgta19JF2oCQlMF3JPU5GfKcO0mca.pkg	NOT REQUIRED	UP0006-NPUB90036_00-NASCAR0800000100	2019-04-03 12:16:36		596624864	
NPUB30068	US	MARVEL™ VS. CAPCOM® 2 Demo	http://zeus.dl.playstation.net/cdn/UP0102/NPUB30068_00/djJRVWbroKa4GOr5f7D5dDYEOFG5QiMnDcVw69i0fAp5r07PpjMrjonymaLLUjGCmdmE9wPyWwXroeMRgT9METvxL2OIXxPSgdlf9.pkg	NOT REQUIRED	UP0102-NPUB30068_00-MARVELVCAPCOM2FG	2019-04-03 12:16:36		207944288	
NPUA80103	US	Heavenly Sword™ Playable Demo	http://zeus.dl.playstation.net/cdn/UP9000/NPUA80103_00/HbkH5qhtVrYAp18nS9XtKocB366CwaWxK7OF4Bvn3rTBOLWA1tRbQYB7l5arINSrPtsmQxaRM4UMwk2DnXvigSgUpucg5rtXcg8oe.pkg	NOT REQUIRED	UP9000-NPUA80103_00-HEAVENLYSWORDPSN	2019-04-03 12:16:36		1043646048	
NPUB90031	US	Haze Demo	http://zeus.dl.playstation.net/cdn/UP0001/NPUB90031_00/U6Xa3DEScYYXR7tgw7H4CArOI3qti6pLQo96QDxnUMLnNsy5si9TyUi8PD9aEO05e6EA0Vok0AFGV9L343Cd9vfrTmaKSCh3pUTjg.pkg	NOT REQUIRED	UP0001-NPUB90031_00-HAZEDEMO00000000	2019-04-03 12:16:36		1544596768	
NPUB90294	US	DiRT 2 Demo	http://zeus.dl.playstation.net/cdn/UP4001/NPUB90294_00/91yk65tQ1o8gcprbcSSC68nDsfPDjfGsPB11E1wcD0ROCJCftAufrxbnprLqUkHKiMstuc2OuGUtc9rhXaLKPPjgtXhpNPfDHIJWt.pkg	NOT REQUIRED	UP4001-NPUB90294_00-DIRT2DEMOSCEA001	2019-04-03 12:16:36		901610960	
NPUB90042	US	DiRT™ Demo	http://zeus.dl.playstation.net/cdn/UP4001/NPUB90042_00/DUXSlNnuBJsbc5VlvFFDwuuUKP2cflLUCRY434qcjGcGcQySIRNL3YLcQLvTAk2FE6uSMlXuhrxrjsqrIXYxHGf3boQia55mH1WGb.pkg	NOT REQUIRED	UP4001-NPUB90042_00-DIRTDEMOSCEA0101	2019-04-03 12:16:36		579370592	
NPUB30066	US	Diner Dash® Demo	http://zeus.dl.playstation.net/cdn/UP0555/NPUB30066_00/glpgdVX0rqUCUpFucxblcfvGh0VlFefsa4n7QjEaVyYTvWSLW56FLomCsNq52O4VN8JpyduQ1NSJTX0Oss7KLYTuY0BGlY948ORIY.pkg	NOT REQUIRED	UP0555-NPUB30066_00-DDTRIALGAME00001	2019-04-03 12:16:36		73598528	
NPUB30059	US	Critter Crunch Demo	http://zeus.dl.playstation.net/cdn/UP2003/NPUB30059_00/glUD1uN0AAt77u8gq5IPyl6Ynn3NUl1WJM27D4DkbX56feYv40P0qAEqrpKFcA4aSoAPiMGFICLHVbaCxPELJtMAhFy2oQ8s1gHYI.pkg	NOT REQUIRED	UP2003-NPUB30059_00-CRITTERCRUNCH000	2019-04-03 12:16:36		444345296	
NPUB90133	US	Call of Duty®: World at War Demo	http://zeus.dl.playstation.net/cdn/UP0002/NPUB90133_00/JJ6IppgETlUlLQDPOKhefR0JRSFCgCDtY3qCBpn8Bm47NqRse6rnBFvHal4v49rYwVUALlqWIko8iHiA3kcWeSqmMuMCVoQMSdebt.pkg	NOT REQUIRED	UP0002-NPUB90133_00-CODWAWCOOPDEMO00	2019-04-03 12:16:36		899547648	
NPUB30125	US	PUZZLEGEDDON™ Demo	http://zeus.dl.playstation.net/cdn/UP0325/NPUB30125_00/9TP6KA070LhUbswsFl1QeBXrKQ82AMCrN91quhYRMdgBw8XspyKsLDbhSsJGIojrGIPcYId4L1fqtn2m63prDSgdQ5su9qfDbd5k4.pkg	NOT REQUIRED	UP0325-NPUB30125_00-PUZZLEGEDDONGAME	2019-04-03 12:16:36		179252400	
NPUB90171	US	Tom Clancy's EndWar™ Demo	http://zeus.dl.playstation.net/cdn/UP0001/NPUB90171_00/FMd4CSEaYyXYx5kLCkfKQlasS9eD2mf6TjPPWlJTBtCkFCv9IhJ4BnLqT7HUyrTPN2K11GmswtlRlnvSkuQ5XaW10GsvNmbHkQ5GU.pkg	NOT REQUIRED	UP0001-NPUB90171_00-TCEWPS3DEMOPACK1	2019-04-03 12:16:36		1755903120	
NPUB90101	US	Sid Meier's Civilization Revolution Demo	http://zeus.dl.playstation.net/cdn/UP1001/NPUB90101_00/TTjXA2SrUJhB28HSAvUYsbdHfH1wyaqaF0LWfYIS6WEWir9XnggYL4UrbauspPEDPtxpc2P4EOOW4oJVEyD6MEDhgIHsJMSC1b7sR.pkg	NOT REQUIRED	UP1001-NPUB90101_00-SMCIVREVOLUTDEMO	2019-04-03 12:16:36		1354956736	
NPUB90254	US	NCAA® Football 10 Demo	http://zeus.dl.playstation.net/cdn/UP0006/NPUB90254_00/Xhmi61lExAXUsUkOLnKG8NIfISPQVCkKwrGTiHl2WlmRuDxm8IpWBVFnf9GhFbsrptsvQQk7eHJEHJx90dQBUuh3cERvG56Wat2KJ.pkg	NOT REQUIRED	UP0006-NPUB90254_00-NCAAFOOTBALL10DE	2019-04-03 12:16:36		2041856496	
NPUB90289	US	NBA LIVE 10 Demo	http://zeus.dl.playstation.net/cdn/UP0006/NPUB90289_00/R4NdCVYA4qfjGBBP8Bl12e3mLaONOTiMLj8nNgTBWQQbvJQiyb31HStIb0eL6TXB6GgVdvtLFhGYkjLvM0IWlGp40OMGbWsjvKBCt.pkg	NOT REQUIRED	UP0006-NPUB90289_00-NBALIVE10DEMO000	2019-04-03 12:16:36		837416512	
NPUA70033	US	MotorStorm® Pacific Rift Demo 2.0	http://zeus.dl.playstation.net/cdn/UP9000/NPUA70033_00/oSfeco4w5jseSHet1J9qkwagBWr4lJeAW0IS6V6Ko5QLualUe5wnydxu3xSTqSDSAPcQRosuIc6UJyOVMmRP7AL0E1bN7R3UNj87N.pkg	NOT REQUIRED	UP9000-NPUA70033_00-DMOTORSTOR000002	2019-04-03 12:16:36		667484896	
NPUB90282	US	Madden NFL 10 Demo	http://zeus.dl.playstation.net/cdn/UP0006/NPUB90282_00/1AE7S3xGRlCTKeO7uR7fff1SjUDeT7MS20JEC3JCNvf8KWeXbW9XYI8Qm0vT3ULXiFupANpps7KPS6i5iG8QgqQvXT9FVP8NPQ2va.pkg	NOT REQUIRED	UP0006-NPUB90282_00-MADDENNFL10DEMO0	2019-04-03 12:16:36		976452944	
NPUB90281	US	FUEL™ Demo	http://zeus.dl.playstation.net/cdn/UP4001/NPUB90281_00/ptJ5iJeUgD7jSmY6R5RlcFpUdtnIb27XHNuIHhCp1MQJJ5JBM55qYDpad9GLhgiEbmmjRNGYMWk1Rg49F2NOEYjmHqiW18UY36lP2.pkg	NOT REQUIRED	UP4001-NPUB90281_00-FUELDEMOSCEA0001	2019-04-03 12:16:36		1180941072	
NPUB90019	US	Dark Sector™ Playable Demo	http://zeus.dl.playstation.net/cdn/UP0367/NPUB90019_00/SbGL4I9tMoXDhOH6aKvgGKu2urvBY6wLgAD3B1VXswqac49SOAPxUCGyjBIT8QX39ENrA8gP882yKXNB04fjYRrVFmN4wo2vK713O.pkg	NOT REQUIRED	UP0367-NPUB90019_00-DARKSECTOR111111	2019-04-03 12:16:36		506434128	
NPUB90084	US	Condemned 2: Bloodshot Demo	http://zeus.dl.playstation.net/cdn/UP0177/NPUB90084_00/ELoew0alKTh29dcXPUnglGAFfyRyKPEAHUt0eYRTHjfEdIuHKfIntrkSDG9qQfvjxiQRikn4yrRt2yoogw9XIM1Y08HgDgMLu9DM0.pkg	NOT REQUIRED	UP0177-NPUB90084_00-0000111122223333	2019-04-03 12:16:36		748438864	
NPUB90043	US	Clive Barker's Jericho Demo	http://zeus.dl.playstation.net/cdn/UP4001/NPUB90043_00/rwofWAWY1M3Rn3MvUtrYh9lUTcNrpJ2l2i3JOoH1asOC9Kvs4rRF39Gtt2AxGT6laIrJamTJ44QWD2mA1OqKHdWa5MBbrnToYTcbk.pkg	NOT REQUIRED	UP4001-NPUB90043_00-JERICHODEMO00001	2019-04-03 12:16:36		860473216	
NPUB90156	US	BioShock Demo	http://zeus.dl.playstation.net/cdn/UP1001/NPUB90156_00/jG604CKcXDXXu08mEeanEOksBpsAF5O0dUy74PkakC7XNo7aE7w0S19orTX5CkISb1EwjkXMIjQ9FAp9Fluoy1AXgbRVgnxHQsjaj.pkg	NOT REQUIRED	UP1001-NPUB90156_00-BIOSHOCKDEMO0001	2019-04-03 12:16:36		1499367456	
NPUB90175	US	Alone In The Dark Demo	http://zeus.dl.playstation.net/cdn/UP0182/NPUB90175_00/qqGcp6vw5lgdnLVgUn8ij9A6DItDQJ9ygJq0a2gndGhsTMsGDNMmpsn24xo4vLVkmEF6HBrD4YI0SrEgiVLSIecoUauSL0FNlbDyK.pkg	NOT REQUIRED	UP0182-NPUB90175_00-ALONEDEMOPKG0005	2019-04-03 12:16:36		1582861264	
NPUB30069	US	Zombie Apocalypse Demo	http://zeus.dl.playstation.net/cdn/UP0101/NPUB30069_00/onk4mbHNwd99tIrjHNvFwi8R3MTBpFodI54wt8hQydLFhsC45aAaO5heJh0kDRSyak6ALiUY6hlkmORdT3oA8urKey8Xc27R9BVFi.pkg	NOT REQUIRED	UP0101-NPUB30069_00-ZOMBIEAPOCALYP01	2019-04-03 12:16:36		776033312	
NPUB90239	US	ZEN Pinball Demo	http://zeus.dl.playstation.net/cdn/UP4042/NPUB90239_00/yXCJ0XfVpTDOx9b10ymkaKVLYDGcVWRyia74iKB4ICymaPQLPugttxeDEhG8icBmF2b7W78pufURuilucPRyRasQlppvLLvPmKcNw.pkg	NOT REQUIRED	UP4042-NPUB90239_00-DZENPINBAL000001	2019-04-03 12:16:36		241493952	
NPUA98103	US	Uncharted: Drake's Fortune™ Demo	http://zeus.dl.playstation.net/cdn/UP9000/NPUA98103_00/geC93tEeIEbCphwuJ7uFKS4fpYS33KJEYqeXUDORAfncShF6hRWSAEqyMHHDKoQtGaY9Op4Vcs9vb88Sriisf7gjLUVl52YKfcdRR.pkg	NOT REQUIRED	UP9000-NPUA98103_00-UNCHARTEDPSNDEMO	2019-04-03 12:16:36		1257950688	
NPUB30107	US	TMNT™: Turtles in Time Re-Shelled Demo	http://zeus.dl.playstation.net/cdn/UP0001/NPUB30107_00/VhwITo7VEgLiGaK0mMXQ1viQjrA9ppTM00LUeJ2xA33eHbp14fxK4UcXp6BDh9T46WAyHerNRqilu1GTSegXoIdfSEVKIX7hL699J.pkg	NOT REQUIRED	UP0001-NPUB30107_00-TMNTRESHELLED001	2019-04-03 12:16:36		386730176	
NPJA90035	JP	ラチェット＆クランク FUTURE 体験版	http://zeus.dl.playstation.net/cdn/JP9000/NPJA90035_00/JNLd67j5qk4gRF412V2t1dRdaFkQS3TvO6E2ueyqLWdvXTPli414euxWEaXiBbe3mXNOdlntxkkqEFvgCKAy4gS11EsQyynIV5o9h.pkg	NOT REQUIRED	JP9000-NPJA90035_00-RCFDEMO000000001	2019-04-03 12:16:36		1700446416	
NPJA90218	JP	ラチェット＆クランク® オールフォーワン 体験版 	http://ares.dl.playstation.net/cdn/JP9000/NPJA90218_00/PExNQpTuzObjmkUbAwPNBpQeVVPsakRbcbMKrsHuXtuFFbgOHJYAFOHpsQKecHMVSuTpDPOvCoSWvpGsgEpEYRzOVLjeYMzpIXvWj.pkg	NOT REQUIRED	JP9000-NPJA90218_00-RATCHET700000001	2019-04-03 12:16:36		2208642256	
NPUA80470	US	Tumble Demo	http://ares.dl.playstation.net/cdn/UP9000/NPUA80470_00/MwPQYUbqlondHI39Ffpvt1F35kFhLMgbPtL5oQKRcrorRcsud2WfQ8SAHAeG478aRL7nBpMPlsoe1wICAdlMhsG9wS40k2r3xwMIB.pkg	NOT REQUIRED	UP9000-NPUA80470_00-TUMBLEXXXTRIAL01	2019-04-03 12:16:21		477474592	
NPHA80068	ASIA	inFamous Demo	http://zeus.dl.playstation.net/cdn/HP9000/NPHA80068_00/3Nb5W1TFiUeBierP82H3TW5j9imP7PHG4ROsB6YMab7lkVupEJRvskpQR0uNxJwLjQkfoaoBe1xLqSP9fa0eI4KyP6poj5tCDPJas.pkg	NOT REQUIRED	HP9000-NPHA80068_00-DEMOSHIP04231444	2019-04-03 12:16:23		1221516288	
NPHA80154	ASIA	inFAMOUS 2 Demo	http://ares.dl.playstation.net/cdn/HP9000/NPHA80154_00/ZruPQDpnqwqKPCbOanfmcZWHjCKDNHEHjDMAafylHRCwrxoKDKESvxJuGzbAdmSuuscGtwCSjCifIIPnOxhRervYqmWQutrwcaiMM.pkg	NOT REQUIRED	HP9000-NPHA80154_00-SAMPSHIP05051630	2019-04-03 12:16:23		2546285248	
BCET70002	EU	LittleBigPlanet™ Online Trial	http://zeus.dl.playstation.net/cdn/EP9000/BCET70002_00/QSm86JdKrCbNqA7SPxmuxgeraBM33HG1SfvCIAv8hnSx6NWe96TAAWqWsMggYFHSqinNoutPImqoMftFa1JJqCgIFTws3QEQ9u269.pkg	adb13f8f4853448c5182b242d6970989	EP9000-BCET70002_00-GBETALITTL000001	2019-07-29 13:13:35		949322944	
NPUB90937	US	Dynasty Warriors 7 Empires Edit Mode Demo	http://ares.dl.playstation.net/cdn/UP4108/NPUB90937_00/kzxOjddqBtJtfsYcYnpKfQBvYFxbDABeXwCEEqYPSdTnXRNtGnQaNdkIgHHuvFIa.pkg	NOT REQUIRED	UP4108-NPUB90937_00-DW7EMPTRIAL00000			1543592160	
NPUB91034	US	NASCAR '15 Victory Edition Demo	http://zeus.dl.playstation.net/cdn/UP0777/NPUB91034_00/UP0777-NPUB91034_00-NASCAR15VEDEMO01_bg_1_80b04093fa19b7ce37fc1bc9620f5cce1c72411d.pkg	NOT REQUIRED	UP0777-NPUB91034_00-NASCAR15VEDEMO01			895543632	
NPUB91031	US	Pro Evolution Soccer 2016 Demo	http://ares.dl.playstation.net/cdn/UP0101/NPUB91031_00/UP0101-NPUB91031_00-PES2016DEMO00000_bg_1_111b78eea154f08181cece5979076498fa7e6a12.pkg	NOT REQUIRED	UP0101-NPUB91031_00-PES2016DEMO00000			1534545728	
NPUB91011	US	NARUTO SHIPPUDEN: Ultimate Ninja STORM Revolution DEMO	http://ares.dl.playstation.net/cdn/UP0700/NPUB91011_00/cNpRujvqLuPNDkKDXStejdGgwOWEIHhHXKutuiNoMAHfgQKlUDeWUGEvEzVsRUxc.pkg	NOT REQUIRED	UP0700-NPUB91011_00-NARUTOUNSR000000			1131874480	
NPUA80138	US	Hot Shots Golf®: Out of Bounds'Hot Shots Golf®: Out of Bounds Demo	http://zeus.dl.playstation.net/cdn/UP9000/NPUA80138_00/d7OknFmm81WuapERNiPGheevqDMSVG2d5WBOPkcKQY53YmYcXVLYmssRemd1sd9ehXHuiG9UOYl5n2GPRuYyyiecrx0PBs882PMiI.pkg	NOT REQUIRED	UP9000-NPUA80138_00-HOTSHOTSGOLFDEMO			529942464	
NPUB90944	US	LIGHTNING RETURNS: FINAL FANTASY XIII Demo	http://ares.dl.playstation.net/cdn/UP0082/NPUB90944_00/djAJjFtLdcGRizMxIUndMjIKPMoiiSDhVjAjmFRiqFcfClYsuCbTREBXhIDtJcoA.pkg	NOT REQUIRED	UP0082-NPUB90944_00-TRIALVERSION0100			2193543472	
NPUB90934	US	Page Chronica™ Demo	http://ares.dl.playstation.net/cdn/UP5019/NPUB90934_00/sMkkyGVwRbxZmtTnyeOrfCDMabGHruQWPAEyjXARVQiWrDawJIScMGSiwCCQLNYY.pkg	NOT REQUIRED	UP5019-NPUB90934_00-HDDPAGECHRONICAD			588598400	
NPUB90551	US	Premier Manager® Demo	http://ares.dl.playstation.net/cdn/UP4159/NPUB90551_00/pPxWZwMRdIYEqbyzghRcqOmPlXfYXEOYgtgCwccHeMApsOkdGqSMlKijmNaqybDQSroPBbcqvHGQcIKeEwAcmIbTUvrEsEbUATnje.pkg	NOT REQUIRED	UP4159-NPUB90551_00-PREMIERMANDEMO01			159123552	
NPUB90764	US	TRANSFORMERS: Fall of Cybertron Demo	http://ares.dl.playstation.net/cdn/UP0002/NPUB90764_00/vgpbJmFUKfxfymyygJPVUDaHtlrZwXjWbZySOonhslEippZwaQPyrljsUxnlltkIkpUKYPksppmkIPxPdljIpqosiHoCOoXBeGEhu.pkg	NOT REQUIRED	UP0002-NPUB90764_00-TFOCNADEMO000001			2249231104	
NPUA70196	US	GT Academy 2012 Demo	http://ares.dl.playstation.net/cdn/UP9000/NPUA70196_00/ttWOHHLLrBRuzPzqhyutZPZAPiwRblYKZqlmzZfDxTBkdenMprICkJbrYnMgQNlBaFoeQWkigmbDgpnlJUjQbcBlcsOVDjKNzFHcJ.pkg	NOT REQUIRED	UP9000-NPUA70196_00-0000000000000000			3167477888	
NPUB90614	US	Dragon's Dogma™ Demo	http://ares.dl.playstation.net/cdn/UP0102/NPUB90614_00/yOksGoQmCwxCsGZlgBiPDbmYvIkPKWYylBTKWTuMOvTkWEwJfOWSlxLSvQVxkhBXwFuzBWMaNCAhoOSAwUWHzzcUXrVMSpLbYqLse.pkg	NOT REQUIRED	UP0102-NPUB90614_00-DDDEMO0000000000			1798121984	
NPUB90707	US	Kingdoms of Amalur: Reckoning™ Demo	http://ares.dl.playstation.net/cdn/UP0006/NPUB90707_00/bOIVdiOefTyShYZcrtmCcBmAeaIRVJcfNQRdUIOCMvjgSjzFlBKDCjlYQcOkLjLotYgsfutlqWRaOEssPxdBzVUuAiEZntCqYRBqA.pkg	NOT REQUIRED	UP0006-NPUB90707_00-KOARECKONINGDEMO			2719387600	
NPUB90667	US	Warhammer® 40,000®: Space Marine® Single Player Demo	http://ares.dl.playstation.net/cdn/UP1005/NPUB90667_00/KMmcRHtsYbCHpWZBdfURrPMRzQadLAGUcNUquRgukZuUgzpBQcFLQjVYjlLPKAonxfteLnGKKSnkwyHhSZFXqJYhFZIWbunczNqUb.pkg	NOT REQUIRED	UP1005-NPUB90667_00-PSNW40KSPCMARINE			1336864352	
NPUA70188	US	PixelJunk™ SideScroller Demo	http://ares.dl.playstation.net/cdn/UP9000/NPUA70188_00/XUToBumqXUiAgBtgymWnhvqsFlVQrWhcgAeOZLUzafoSREZTpwDNGKCQPWcSxrKyUyCtigwVQiaPzMvYbjQiayYdWGzZCufmXuGdU.pkg	NOT REQUIRED	UP9000-NPUA70188_00-PJSHOOTERSSDEMO1			54237120	
NPUB90557	US	TRINITY: Souls of Zill O'll™ Demo	http://ares.dl.playstation.net/cdn/UP4108/NPUB90557_00/wVuuKogZkcxbcTwcjfbZxcqhINkEjPfyFyZjNiPRXaYAgCMDqjRyLVPzmiLYIzqVANnJjdIuiHTGGoMCAEgVptPDyCxtBYOoEHGlI.pkg	NOT REQUIRED	UP4108-NPUB90557_00-TRINITYSOZOTRIAL			172400320	
NPUB30023	US	Fatal Inertia EX Trial Version	http://zeus.dl.playstation.net/cdn/UP0106/NPUB30023_00/DFCldSkqF0OIGi0GrlTiLqxxpQ3FqR8AEaBmivyiJsS4Q7wVqITfwba1VkHjUN7FeOIwf2BuyBI0l033qGvG4sRIvRWnOG2cOkMBA.pkg	NOT REQUIRED	UP0106-NPUB30023_00-FATALINERTIADEMO			569297360	
BCET70053	EU	PlayStation® All-Stars Battle Royale Cross Play Beta	http://zeus.dl.playstation.net/cdn/EP9000/BCET70053_00/yIhIpuReVSVoVVQFFKwmSAjogDOxJTofbACiqOvhFSTNUhXSSxVtAJfhWBQQemox.pkg	8597e6f9d0deffa53558599eb846dab5	EP9000-BCET70053_00-PABRPB5PS3000000	2019-07-29 13:13:34		1508138112	
NPEB90327	EU	Mortal Kombat 9 Demo!	http://zeus.dl.playstation.net/cdn/EP1018/NPEB90327_00/mGAUZzTMSqwRRDxKSdyJMfuFgPblWQiUgxwOMgpyNyDiBKIooAuuIsHSnJouTOoz.pkg	NOT REQUIRED	EP1018-NPEB90327_00-MKDEMOSCEE000001	2019-07-29 13:13:34		599347424	
NPEB90542	EU	FIFA 15 - Downloadbare demo	http://ares.dl.playstation.net/cdn/EP0006/NPEB90542_00/XPdhduWmKPUyxxyuEpOevmLVpIqTxGemRFsbfWURCeBwPbLszdrVYoiFRgyuzADG.pkg	NOT REQUIRED	EP0006-NPEB90542_00-FIFA15DEMO000000			1788128288	
NPEA90125	EU	Puppeteer™ - demo	http://ares.dl.playstation.net/cdn/EP9000/NPEA90125_00/AjXypNVgytWzKtynMeRTxAJmpLsVBmhCLdyFrcEpMpRiwxUhEOfSLmvVCcwMDeoN.pkg	NOT REQUIRED	EP9000-NPEA90125_00-DPUPPETEER000001	2019-05-11 11:28:44		6160677504	
NPEB90552	EU	PES 2015 Pro Evolution Soccer Demo	http://ares.dl.playstation.net/cdn/EP0101/NPEB90552_00/IFjEDRUXDZcBiPWyeEKsqyVHxylPhVRCqyGMKCkhOiysjwBJimebQpoEdwgNVrwS.pkg	NOT REQUIRED	EP0101-NPEB90552_00-PES2015EUDEMO001	2019-05-11 11:28:44		959879536	
NPEB90544	EU	MotoGP™14 Demo	http://ares.dl.playstation.net/cdn/EP4356/NPEB90544_00/jpCGFEmbocsJCuNNWKAHTQcNRXesoxTObVgpdELVWhLhcstTvJytSZbgiHWTSBKn.pkg	NOT REQUIRED	EP4356-NPEB90544_00-MOTOGP140000DEMO	2019-05-11 11:28:44		1362683152	
NPEB90534	EU	Call of Duty®: Ghosts - Multiplayer Demo	http://ares.dl.playstation.net/cdn/EP0002/NPEB90534_00/vedufWRnlHAKjAgatGwnwqHJHAWsLStOKVFxtxqAWsuaTnqtZjLjITdllhQvmoaE.pkg	NOT REQUIRED	EP0002-NPEB90534_00-CODGHOSTFREEDEMO	2019-05-11 11:28:44		2387041136	
NPEB90526	EU	LEGO® The Hobbit DEMO	http://ares.dl.playstation.net/cdn/EP1018/NPEB90526_00/cWsoyjHPpOYLQxpealyGDwQGFiuZGLZezJygMEZnYKIXsopOQbKLPWLPwXAqeEqD.pkg	NOT REQUIRED	EP1018-NPEB90526_00-LEGOHOBBITDEMO00	2019-05-11 11:28:44		510361008	
NPEB90530	EU	MXGP Demo	http://ares.dl.playstation.net/cdn/EP4356/NPEB90530_00/lnZGNCbRqorxYHTMawPhgGJtcnBBpPTpZaadJxBfVyeWlzbBVIjGlnGAwxuVEorn.pkg	NOT REQUIRED	EP4356-NPEB90530_00-MXGPDEMO00000000	2019-05-11 11:28:44		2791874576	
NPEB90528	EU	EA SPORTS™ 2014 FIFA World Cup Brazil™ Demo	http://ares.dl.playstation.net/cdn/EP0006/NPEB90528_00/gmMlBnoQXRsJTbWruoDHcISZVzSLSykYciEpkxbaIMnMEbiysVwrjlfznCQsYcQk.pkg	NOT REQUIRED	EP0006-NPEB90528_00-FIFAWCUP2014DEMO	2019-05-11 11:28:44		1860257024	
NPEB90524	EU	The LEGO Movie - Videogame DEMO	http://ares.dl.playstation.net/cdn/EP1018/NPEB90524_00/EADnKGNznFdepPGoCrdHzGSotPaMZsfZwBlxrrELLXhYggHeFyuCFYzsaqSevFVu.pkg	NOT REQUIRED	EP1018-NPEB90524_00-LEGOMOVIEDEMO000	2019-05-11 11:28:44		597441776	
NPEB90491	EU	NINJA GAIDEN 3: Razor's Edge Demo Version	http://ares.dl.playstation.net/cdn/EP4108/NPEB90491_00/RmXiKImPTHRerNshNVTtkXvIQeGYHHhKagLjrqQZEgluqnorXjDaVSGzxJGfmYIv.pkg	NOT REQUIRED	EP4108-NPEB90491_00-NINJAGAIDEN3REDM			920835152	
NPEB90455	EU	Wersja demo Dead Space ™ 3	http://ares.dl.playstation.net/cdn/EP0006/NPEB90455_00/gtXJxdzdxYpesWzCNovDjEBHzVmYSmzOMpKOiHmvdtFETCtvUrPQoIfeXFHQUQmX.pkg	NOT REQUIRED	EP0006-NPEB90455_00-DS3DEMOEFIGSEU01			2091955920	
NPEB90473	EU	DmC Devil May Cry Demo gry do pobrania	http://ares.dl.playstation.net/cdn/EP0102/NPEB90473_00/qpbAQCgnGGxvCxhoWIXoVOEhzzBilSOPrjQSncCbLwcwfqHpaLxbkrApMrzRuLtz.pkg	NOT REQUIRED	EP0102-NPEB90473_00-DMCDEMO000000001			1381545808	
NPEB90472	EU	Wersja demo Need For Speed™ Most Wanted	http://ares.dl.playstation.net/cdn/EP0006/NPEB90472_00/gIUBuOHheooSDWdJaOQwnghYumwKbmLHcdkFaLBqPtkdURBQODODmMYuYNXrtDwp.pkg	NOT REQUIRED	EP0006-NPEB90472_00-NFSMW000DEMO00EU			2027167696	
NPEB90421	EU	TRANSFORMERS: Fall of Cybertron demo	http://ares.dl.playstation.net/cdn/EP0002/NPEB90421_00/vhQNYtAsAGpqWTmOJcWKkYXWSdlbTydVKMSAMkNnQocnnHIqdUdiQRVRrNNVGqwN.pkg	NOT REQUIRED	EP0002-NPEB90421_00-TFOCEUDEMO000001	2019-05-11 11:28:44		2247999776	
NPEB90443	EU	PES 2013 – Download Demo 1	http://ares.dl.playstation.net/cdn/EP0101/NPEB90443_00/oqkMJcGPkpJPMtRQQltXNUUREJnfEntyaocZpvGgKWJajBHGVjPXGBiInZhzllPj.pkg	NOT REQUIRED	EP0101-NPEB90443_00-PES2013EUDEMO000			1085418624	
BCET70036	EU	Starhawk™ Beta Trial	http://zeus.dl.playstation.net/cdn/EP9000/BCET70036_00/fZAGhLUIwEfzHxWagcmnDNPoMnIVhRtWEoHQEaXvSFCtrSMhiVboWXejcYJsKMMh.pkg	0256f9c28d1c6a0b7c649474b372bf80	EP9000-BCET70036_00-GBETASTARH000001	2019-07-29 13:13:34		1363831328	
NPEB90089	EU	NHL 09 Demo	http://zeus.dl.playstation.net/cdn/EP0006/NPEB90089_00/TVKnKgB6AE9owsBJEP3ibDdtV8NQS7MCsnR07iVqfvvT8fpTmXN6flnm2rymbybr0OfR14WXkxIbMVrv9VMs1RyFxUaMt5i4kWYyT.pkg	NOT REQUIRED	EP0006-NPEB90089_00-NHL2009DEMO00001	2019-05-11 11:28:44		1115155312	
NPUB90763	US	Madden NFL 13 Demo	http://ares.dl.playstation.net/cdn/UP0006/NPUB90763_00/hoAqsekRITYMPzicoEoQmbCIcuGJnxYKcKZdKQkAMbVjYZzLpOJgYAaTruHgbmvcmqCNroKKQJvlxlIsqWNygJLfinRZLVRizapuo.pkg	NOT REQUIRED	UP0006-NPUB90763_00-MADDENNFL13DEMNA	2019-05-11 23:50:21		2207608320	
NPUB90630	US	FINAL FANTASY® XIII-2 - Demo	http://ares.dl.playstation.net/cdn/UP0082/NPUB90630_00/XMQgIokbvpbmIXDepiApKtdGbXKeqYhzHByWHUTxARpQVvaMHDDEvxpiaHsHLXGiVONvUuudmkKRJOkwVEaNpjaQvypMbASUYeeIB.pkg	NOT REQUIRED	UP0082-NPUB90630_00-TRIALVERSION0100	2019-05-11 23:50:21		1863458720	
NPUB90555	US	Mass Effect™ 3 Demo	http://ares.dl.playstation.net/cdn/UP0006/NPUB90555_00/lRoGEZENRvkdAWJYXEVKNkbyHbiqEJfjVhRorFlSYCDWlPcObOaPqCNUFAtRAPftWizfaMLJrtEEPYMMYSlfFmeasRrpfmrgZIEnm.pkg	NOT REQUIRED	UP0006-NPUB90555_00-MASSEFFECT3DEMO0	2019-05-11 23:50:22		1793880480	
NPUB90594	US	Madden NFL 12 Demo	http://ares.dl.playstation.net/cdn/UP0006/NPUB90594_00/TJUQIKcUIhlKZXTgbJYEALWhKqdIWVOdqTYzFdAIXLnBmsnTEiNKRnglCpBInVfrIDSUqZUBlcNhQZNARoVkSwwwgsQkzWHWcopfs.pkg	NOT REQUIRED	UP0006-NPUB90594_00-MADDENNFL12DEMO0	2019-05-11 23:50:21		1561247888	
NPUA70124	US	MLB® 11 The Show™ Demo	http://ares.dl.playstation.net/cdn/UP9000/NPUA70124_00/gryEguiEfDNPYRKxssIPeQHBNUBrqmkxLZEInJFswivUHxlGvaDoSNfPulCwYMSYEuZFCmgVZcjeLDEmjZbpcmOyQWSENigmmjERI.pkg	NOT REQUIRED	UP9000-NPUA70124_00-MLB11THESHOWDEMO	2019-05-11 23:50:21		3136521792	
NPUB90506	US	Mass Effect™ 2 Demo	http://ares.dl.playstation.net/cdn/UP0006/NPUB90506_00/MbuDqHbndBbmcMdYdMbdkVlhEwufxsxbxKmAnvOeWXAuqQoVdmKIUCHjQBOEljySlDaxcwpHgGashREznAOUacIQoDgDrmejWpIiR.pkg	NOT REQUIRED	UP0006-NPUB90506_00-DEMOSHIP00000000	2019-05-11 23:50:22		2557666608	
NPUB90481	US	Top Gun Demo	http://ares.dl.playstation.net/cdn/UP2017/NPUB90481_00/wbyTFAfuTuEtarElALtzFdGsyNubMsXsPfbAQhAxBwjMPtnQvZyOOBigHbEdqCkhNTPSYCytYdVZMAObnvnIvNSeZhGtYkhzXPQZQ.pkg	NOT REQUIRED	UP2017-NPUB90481_00-TOPGUNDEMO000000	2019-05-11 23:50:21		247298608	
NPUB90105	US	Wolf of the Battlefield™: Commando 3 Demo	http://zeus.dl.playstation.net/cdn/UP0102/NPUB90105_00/Q2qV1KwqKv0PQNS8tt7UmXRG55qetuGXlHb6V3FqE4RWVGdMF6dWXBwR6QEhlRSmHUIvQTLtummWd0HDLtnmth80kukuYcmHUAgt2.pkg	NOT REQUIRED	UP0102-NPUB90105_00-COMMANDO90123456	2019-05-11 23:50:21		117347792	
NPUB90252	US	CRYSTAL DEFENDERS™ Demo	http://zeus.dl.playstation.net/cdn/UP0082/NPUB90252_00/QkGAu5MoX0sBOq7RaRIRfbWRvDkcIDPCPgssMIp0qhVK6XDDNL4tdFOcKBkaffLttv1kpL4UmnN7RTkGQ1VhD8aSdyuU7kDQsMuWq.pkg	NOT REQUIRED	UP0082-NPUB90252_00-CD00000000000000	2019-05-11 23:50:22		33116512	
NPUB90215	US	Afro Samurai Demo	http://zeus.dl.playstation.net/cdn/UP0700/NPUB90215_00/mgAjvypAlmoqN2HOELPevtJCGFRei7tgtV6RhCyYHIR16iMEPhNNuTrQIx6VlXX2JHb1EQbF7QqgkfjXhbd95YMyuisNhmytOwVjv.pkg	NOT REQUIRED	UP0700-NPUB90215_00-AFROSAMURAIDEMO1	2019-05-11 23:50:21		473259760	
NPUB90231	US	Fight Night Round 4 Demo	http://zeus.dl.playstation.net/cdn/UP0006/NPUB90231_00/imTWMbdFsLJbGOP2YpOgmxY2hi4Rtak1EtcicsXsKPTLqCIUKBhpvqTmhTV2dv0HugNKAy4LemOvAiSYIEm0L3s8kyXVFdwE7YsFO.pkg	NOT REQUIRED	UP0006-NPUB90231_00-FIGHTNIGHTROUND4	2019-05-11 23:50:21		809758240	
NPUB90200	US	X-Men Origins: Wolverine Demo	http://zeus.dl.playstation.net/cdn/UP0002/NPUB90200_00/hy7SkgmME604Ei1cby2XAt23lT5qAw6cSaEA0LdWrdNCqbHAsaXvme8XdEM27n8OEr6D8rSmSEWNf1xNdeG31c1iVTnIUKkrQG0k7.pkg	NOT REQUIRED	UP0002-NPUB90200_00-XMOWOLVERINEDEMO	2019-05-11 23:50:22		641038960	
NPUA70032	US	MLB® 09 The Show™ Demo	http://zeus.dl.playstation.net/cdn/UP9000/NPUA70032_00/D3DV23FcJFkrjFdHXfuPUbSqliihkaxYne64GKJV3G36vX6x7aPWjtEEDFOGy4W46Bq58bOC706gjBuvkXvYnThht6YpUvsB1iEvn.pkg	NOT REQUIRED	UP9000-NPUA70032_00-MLB09THESHOWDEMO	2019-05-11 23:50:21		1671712176	
NPUB90190	US	The Lord of the Rings: Conquest™ Demo	http://zeus.dl.playstation.net/cdn/UP0006/NPUB90190_00/4vEGaEWsF6G5fwBV3XJuxhq97mad2Se7L2jqJ2X6vAwS3AMQMXIXvLYAyb0awnoLKsvX4qRLkkCJxG4PI04LuogFGYgJXbfnkX1bs.pkg	NOT REQUIRED	UP0006-NPUB90190_00-LOTRCONQUESTDEMO	2019-05-11 23:50:21		1375892368	
NPUB90140	US	Valkyria Chronicles™ Demo	http://zeus.dl.playstation.net/cdn/UP0177/NPUB90140_00/uNtafe7qPSvJPSw7RSmi6AK3yLnh70MejB9TMm1E3EQFf7ldffjgGXk3sbGcTCuiPyn8vxMfEBW2GLOV7D22j8OXpwYS45mlMxALm.pkg	NOT REQUIRED	UP0177-NPUB90140_00-VALCHROTRIALUS00	2019-05-11 23:50:22		608627296	
NPUB90176	US	Metal Gear Solid® 4: Guns of the Patriots Demo	http://zeus.dl.playstation.net/cdn/UP0101/NPUB90176_00/gVy1oOgfdDeEGAu9A0RUTXR2RFvxJO77DHjOFYWX1dExljwTqXCkl4DGHrjfO2CMdTQiqaD88HRQ7IAbgvswMXdooQ44FYX6hddAL.pkg	NOT REQUIRED	UP0101-NPUB90176_00-MGS4DEMOVERSION0	2019-05-11 23:50:21		1458663568	
NPUB90119	US	Mirror's Edge Demo	http://zeus.dl.playstation.net/cdn/UP0006/NPUB90119_00/WB07TMIG0Q6K9QF4rflShBHM4V2AKSgm6OYpxaT9N9rmB37iCA7YcHTIkovhfnUWiWe33lV17Ot8BFu6HgAupxiLhhVMwwI8LBvkX.pkg	NOT REQUIRED	UP0006-NPUB90119_00-MIEDDEMONA000001	2019-05-11 23:50:22		882510576	
NPUA70022	US	Motorstorm™: Pacific Rift Demo	http://zeus.dl.playstation.net/cdn/UP9000/NPUA70022_00/cVP4u9Rx8hwk6klvB4FbShNVVPtbjDE7y2VIirAWFj7REqLD1aSeAC15Wn4mhxeQwQVSodASV1G16btEGd4SPh71rKfnwgfmh4krY.pkg	NOT REQUIRED	UP9000-NPUA70022_00-MS2DEMOFORPSN000	2019-05-11 23:50:21		646606896	
NPUB90142	US	SOULCALIBUR® IV Demo	http://zeus.dl.playstation.net/cdn/UP0700/NPUB90142_00/CDIb8vaAxRWH9nm2D2pXUlPGOD6yELpV4eE1JtH68JXDUKEUtaUkWauUNAOCYGVipJWDPOUY1LIDQh1BUqCoi34xaGGtmUMStcpFh.pkg	NOT REQUIRED	UP0700-NPUB90142_00-SC4PLAYDEMOUSVER	2019-05-11 23:50:21		921498144	
NPUB90137	US	NHL 09 Demo	http://zeus.dl.playstation.net/cdn/UP0006/NPUB90137_00/DQLPAiHEJsrGcSvly79wYQNlmLPMJAYOXvXJovXOw4tYvux9tJ0GPu6wN1mnyJ33Be81DPJPG64Q9dOh7h7FST1UNId7dmAAh4kTx.pkg	NOT REQUIRED	UP0006-NPUB90137_00-NHL2009DEMO00001	2019-05-11 23:50:22		1054540960	
NPUB90129	US	WALL•E Demo	http://zeus.dl.playstation.net/cdn/UP1005/NPUB90129_00/FKFomPoBW1RVi7J0Nl1MJuSFqDpDJ5EuM7V6cPS4XyA0fTNmKhouIIXllUh4ja8auXD0EmAtulH9SxfTg0EdkoplTu0gmqbswvtLG.pkg	NOT REQUIRED	UP1005-NPUB90129_00-NTSCWALLEDEMO111	2019-05-11 23:50:21		1103856992	
NPUB90138	US	Madden NFL 09 Demo	http://zeus.dl.playstation.net/cdn/UP0006/NPUB90138_00/jUQXHb7AVSKSXMvvUc9B8adIbinV0Rg9Xt7UUhqGAqM1AJYr67Yk2i7c77N0nc3vMRcuqctnYndNLCUBLCIMae7COxTfykEoib58v.pkg	NOT REQUIRED	UP0006-NPUB90138_00-MADDEN9DEMO00001	2019-05-11 23:50:22		1289209696	
NPUA80026	US	Genji: Days of the Blade™ Demo	http://zeus.dl.playstation.net/cdn/UP9000/NPUA80026_00/1mdP0xUOeyTJqN5XerNlQkxM0wfo3GN69tcr5n19WxB7RJ6TJ48VGvdxA6RpYH0E60ltTse5Y1p3NiaQXMW4F1GegksTW1VoFRumX.pkg	NOT REQUIRED	UP9000-NPUA80026_00-0000111122223333	2019-05-11 23:50:21		607259296	
NPUA80018	US	NBA 07 Demo	http://zeus.dl.playstation.net/cdn/UP9000/NPUA80018_00/kFL9le3MrAp1SDiIAFDBvBbCR1tujJjGAU7bwpSskpq6kEaPMee7vwWKq5Crf8sUN9INHBMqU86kHpPvKhnUNiDWQkHHV86QFgMNb.pkg	NOT REQUIRED	UP9000-NPUA80018_00-NBA07DEMO2222222	2019-05-11 23:50:21		926437200	
NPUA80063	US	Super Rub a Dub™ Demo	http://zeus.dl.playstation.net/cdn/UP9000/NPUA80063_00/BPXBCEn4TRqDF1FehHMLgqaXKlLkGcIQcpPCbSLjE4XoU0AFi7bRNE9KKGuRqMHPBIIaGk2B21gMUGAI3B1LcaT9fLhmSEllpYeHU.pkg	NOT REQUIRED	UP9000-NPUA80063_00-VER02180407PACK0	2019-05-11 23:50:22		197310512	
NPUB90017	JP	Ninja Gaiden® Sigma Demo	http://zeus.dl.playstation.net/cdn/JP0325/NPUB90017_00/51rxBdrpNWf3giuCsdPqSMmLerelSUKRmfF0BrnHV7WdWe7XVHHjFr6V9fOLQQxSmLaAFt3r1st18Ry4Q5ce1yxWLMrYay6Px4uqC.pkg	NOT REQUIRED	JP0325-NPUB90017_00-0101200704100207	2019-05-11 23:50:21		1030649168	
NPUA80034	US	Lemmings Demo	http://zeus.dl.playstation.net/cdn/UP9000/NPUA80034_00/ivIg7DcqInFgbgxEOvIYLiIVi5jE8w02duCHu0bpkKoUbXVuXqx4Cqodp5FYgtSmIfYutG5QXY8cquClWM81bw2jWlksS3UbhHT8C.pkg	NOT REQUIRED	UP9000-NPUA80034_00-LEMMINGS00000001	2019-05-11 23:50:22		149100832	
NPUA80019	US	Gran Turismo HD Concept v1.1	http://zeus.dl.playstation.net/cdn/UP9000/NPUA80019_00/EljUuXoMkboma8lQgJydRRBlCKJv4kSE7bNH5wImyvTlIUXnfe8A41AXR08NsoyxDSWwRhWfjamnqBLKYWDOmrdFiK4mICtaPRUVv.pkg	NOT REQUIRED	UP9000-NPUA80019_00-GTHDCONCEPT00100	2019-05-11 23:50:21		656135760	
NPUA80025	EU	Blast Factor Demo	http://zeus.dl.playstation.net/cdn/EP9000/NPUA80025_00/yJMmq2UONLOKaH9eC33UJwUTIOpfUSsKTJVORUTpgUWSQobODnTLoVMqrLFNVlL4iYkYbRB6aCeWM2TgH3wMDs5EjHW6n6w2fYGjD.pkg	NOT REQUIRED	EP9000-NPUA80025_00-BLASTFACTOR0000D	2019-05-11 23:50:21		82841840	
NPEA90003	US	FORMULA ONE Championship Edition Demo	http://zeus.dl.playstation.net/cdn/UP9000/NPEA90003_00/bXyUXXXcp4mgm3TmYIilGj1SsF6kFaXs5Qgl1CE4t4Lt0ebicmfkY58PktufM8ic1HTLLjgk3JwmR9En0UWTeDvD9hjW5wApIBtuF.pkg	NOT REQUIRED	UP9000-NPEA90003_00-F1CHAMPIONSHIPED	2019-05-11 23:50:22		710966016	
NPUB90082	US	Lost Planet Demo	http://zeus.dl.playstation.net/cdn/UP0102/NPUB90082_00/hLVVmkbV7ihDPKabpjXQi4ILF6LGjNDgwTUufIF8xwsYfKN6HrBHt1Qyghf2ooT98jPhfH7Q9iY3CtsOO8iPLVNMpWeij1ot2UvTb.pkg	NOT REQUIRED	UP0102-NPUB90082_00-LPONLINEDEMO0100	2019-05-11 23:50:21		241285056	
NPUA70004	US	MLB® 08 The Show™ Demo	http://zeus.dl.playstation.net/cdn/UP9000/NPUA70004_00/EGmmeo0tTNXHjfE1numIvVH8sm2AXp3KxBU6kB6hjnDBwInsKlpXT2R0AinOvx04EU55l0cRwk5UIXTMJTI9mYvijsycgC6FS771N.pkg	NOT REQUIRED	UP9000-NPUA70004_00-MLB08THESHOWDEMO	2019-05-11 23:50:22		1085887312	
NPUB90072	US	NFL Tour Demo	http://zeus.dl.playstation.net/cdn/UP0006/NPUB90072_00/Ffn2jG0aP56NSAenAAcHoQ8OUvdMuRtqFY4Wlxx3fWqdiSo9bwUpfY7J0i8eRkDc87qAJxC1DW3x45uTMI3dNmrUQXGmqgQvaSbSs.pkg	NOT REQUIRED	UP0006-NPUB90072_00-NFLTOURDEMO00001	2019-05-11 23:50:21		1037742160	
NPUB90067	US	Kane & Lynch: Dead Men™ Demo	http://zeus.dl.playstation.net/cdn/UP0776/NPUB90067_00/Lqu1RP1TtNSwJHQrtOD3b9ATn5BUQvYcQA27G8N0otULx1JsvnKMKG7u35mi7Xq1289uKA7EDKsbSc7TFwvSOs82HMQHOHFt5nbgQ.pkg	NOT REQUIRED	UP0776-NPUB90067_00-KNLDEADMENUSDEMO	2019-05-11 23:50:21		880075296	
NPUB90062	US	Burnout™ Paradise Demo	http://zeus.dl.playstation.net/cdn/UP0006/NPUB90062_00/sU8IhPxQGBnxmy2kK3tykhPgW1d6eGtKQ5dd4lAGVFx5ffiAWTJVMgxlDbQgPJtXqBu6td3hcJOPoUYnaNTL9OE3eIamigIpKu7ai.pkg	NOT REQUIRED	UP0006-NPUB90062_00-BURNOUTPADEMO100	2019-05-11 23:50:22		801540752	
NPUA98153	US	Ratchet and Clank® Future: ToD™ Demo	http://zeus.dl.playstation.net/cdn/UP9000/NPUA98153_00/TCNgwymoSqh4CoO3Q7PxW7Qj1Y4cHlTQE3ruuPMjfyusRPl3Ieiv9LunJJgtDpJ2qE7sO09jPiSNTEMHKTbCIXcUBeEFUD4BJSFfM.pkg	NOT REQUIRED	UP9000-NPUA98153_00-RCFDEMO000000001	2019-05-11 23:50:21		1686113824	
NPUA70001	US	Folklore™ Sneak Preview Demo	http://zeus.dl.playstation.net/cdn/UP9000/NPUA70001_00/mm05O0TudWaJHeULv2aC8JCNVNGh7rhvoIH5gABnSefKdH0LBadM0Sf9Bdd0hOlRAyEyD46x6SXfPT3EpoQPnCDFiaJiN8OR0Yh3R.pkg	NOT REQUIRED	UP9000-NPUA70001_00-FOLKLORE000PSN01	2019-05-11 23:50:21		1160710224	
NPUB90027	US	Tom Clancy’s Ghost Recon: Advanced Warfighter 2 Demo	http://zeus.dl.playstation.net/cdn/UP0001/NPUB90027_00/vsU9886jwQYidoy36XMORT2Ohi3uJGq9t3MtN2wFUhqQbVg4GqSd56tDgW97lpbWr7GqXApxgLOop2kD3tFM8d837xkxNMODVfKUD.pkg	NOT REQUIRED	UP0001-NPUB90027_00-GRAW2DEMO0000001	2019-05-11 23:50:22		816760336	
NPEB90569	EU	Pro Evolution Soccer 2018 DEMO	http://ares.dl.playstation.net/cdn/EP0101/NPEB90569_00/EP0101-NPEB90569_00-PES2018DEMO00000_bg_1_e25cc0ca5181d1174bd8d8090844536297dc09b6.pkg	NOT REQUIRED	EP0101-NPEB90569_00-PES2018DEMO00000	2019-05-16 14:28:38		1893357072	
NPEB90567	EU	Demo descargable de EA SPORTS™ FIFA 17	http://ares.dl.playstation.net/cdn/EP0006/NPEB90567_00/EP0006-NPEB90567_00-FIFA17DEMO000001_bg_1_1bfd5922c68b164bc938930ef47e832c083ad7a1.pkg	NOT REQUIRED	EP0006-NPEB90567_00-FIFA17DEMO000001	2019-05-19 20:56:00		1594128576	
NPEB90568	EU	Pro Evolution Soccer 2017 Demo	http://ares.dl.playstation.net/cdn/EP0101/NPEB90568_00/EP0101-NPEB90568_00-PES2017DEMO00000_bg_1_26808a7e88e41fccb8ea3d02924aae695bc04cac.pkg	NOT REQUIRED	EP0101-NPEB90568_00-PES2017DEMO00000	2019-05-16 14:28:38		1676966544	
NPEB90560	EU	LEGO® Marvel's Avengers Demo	http://ares.dl.playstation.net/cdn/EP1018/NPEB90560_00/EP1018-NPEB90560_00-LEGOAVENGERSDEMO_bg_1_544d9896400776ed7c72933192971042f0467d4b.pkg	NOT REQUIRED	EP1018-NPEB90560_00-LEGOAVENGERSDEMO	2019-05-19 20:59:21		1027107904	
NPEA90099	EU	Demo de Carnival Island	http://ares.dl.playstation.net/cdn/EP9000/NPEA90099_00/egpzbBkLmfUBZWBAcYwYVqkAcbZjjoGHeeeYeCtQGTryDVPCVKSeCObeYJRpYiJT.pkg	NOT REQUIRED	EP9000-NPEA90099_00-CARNIVALDEMO0001	2019-05-16 14:28:37		2783941168	
NPEB90391	EU	Demo de RAGE	http://ares.dl.playstation.net/cdn/EP1003/NPEB90391_00/jAPzrVEFgSZFGfKUQBKqYyHPXOtVIhPogtbzBCpgDHkWSYtzYsGmrDGvKRcJVlsj.pkg	NOT REQUIRED	EP1003-NPEB90391_00-DRAGEXXXXX000001	2019-05-16 14:28:37		2194510768	
NPEB90564	EU	PES 2016 - Pro Evolution Soccer - Demo	http://ares.dl.playstation.net/cdn/EP0101/NPEB90564_00/EP0101-NPEB90564_00-PES2016DEMO00000_bg_1_2715b1b718051da2be21701a796c31dc79a367b6.pkg	NOT REQUIRED	EP0101-NPEB90564_00-PES2016DEMO00000			1611530560	
NPEB90541	EU	DEMO de NARUTO SHIPPUDEN: Ultimate Ninja STORM Revolution	http://ares.dl.playstation.net/cdn/EP0700/NPEB90541_00/iGLPJknTuxBhtefMxeESWavnvFYzMEAexFlaWEjsyyGbyVpDdPFJUIXEhExkTuEY.pkg	NOT REQUIRED	EP0700-NPEB90541_00-NARUTOUNSR000000			1146196880	
NPEB90482	EU	Oddworld: Stranger's Wrath HD - PS3 DEMO	http://ares.dl.playstation.net/cdn/EP4134/NPEB90482_00/WFxGkxuYIqspOsQhvxphqMsHoiVGBLUjlnxcQwZHbqcnccGRlCveurNjdlOYYtxH.pkg	NOT REQUIRED	EP4134-NPEB90482_00-ODDSWHDDEMO00001			414232192	
NPEB90527	EU	Ethan: Meteor Hunter Demo	http://ares.dl.playstation.net/cdn/EP4425/NPEB90527_00/imBkrzhTESMLFrCtLcXpqrtgrEcWGMdIHBcbyelypxteVFcyGCDhTTZeynUQIbDC.pkg	NOT REQUIRED	EP4425-NPEB90527_00-ETHANMHDEMO00000			594573104	
NPEB90508	EU	Demo de Diablo III	http://zeus.dl.playstation.net/cdn/EP0002/NPEB90508_00/BqjngqeDwBNBGAmxtxoTanvftsvzHRmxCxZnBxkiRxGcKfLSoxDPHVJHuwlzvrka.pkg	36e48e4f4c5addbb83bd0a1a68a4b32e	EP0002-NPEB90508_00-DIABLO3DEMO00001	2019-07-29 13:13:32		1320178368	
NPEB90512	EU	Demo de Diablo III	http://zeus.dl.playstation.net/cdn/EP0002/NPEB90512_00/woxXTJaKkqKClViKtQrabIVPWMKIYRcLuKRxohlAzqRnwIFgVmrRzKXaIthNxJae.pkg	ec7ae6631882ed538bad036ee6b68434	EP0002-NPEB90512_00-DIABLO3DEMO00001	2019-07-29 13:13:35		1326535216	
NPEB90479	EU	DYNASTY WARRIORS 7 Empires Demo del modo Edit	http://ares.dl.playstation.net/cdn/EP4108/NPEB90479_00/EGWRAphIkXAzgqRBNkDHDvYAnzTecCwPWNIhCbCjgcCzRliewjuvWXjttTNMKtSF.pkg	NOT REQUIRED	EP4108-NPEB90479_00-DW7EMPTRIAL00000			1543592096	
NPEA90018	EU	Demo de Uncharted	http://zeus.dl.playstation.net/cdn/EP9000/NPEA90018_00/ReK0CyebD9iVAANB3BTj1LApURxcWJE55lAr8VBYDKLQI6eGYpGyNoQk0G612kpcVFVWL4r8cEvsK3jTGACwbJrgo7wgTM2awUGsm.pkg	NOT REQUIRED	EP9000-NPEA90018_00-UNCHARTEDPSNDEMO			1257922480	
NPUB90578	US	Mortal Kombat Demo	http://zeus.dl.playstation.net/cdn/UP1018/NPUB90578_00/akOGGOCHtazqtSMXtWdTtxQypumCgwdZRgCEFKgoEcHUdaXKxdUclrxxvachknhTyHvklSqEEsBwVXVLVmpjsAKJBmzmfCNJnLKcY.pkg	931783819b16879e5cab1c59578ca8da	UP1018-NPUB90578_00-MKDEMOSCEA000001			598855760	
NPUB90930	US	METAL GEAR RISING: REVENGEANCE Demo	http://zeus.dl.playstation.net/cdn/UP0101/NPUB90930_00/eSCCzqDnkpvkyezNzQDrztmptRiQrrhwgoIYaJJuzwjOuPgCHHpyCzrSNIzXspPJ.pkg	ef64a6a1207a647ffcdec4313495be97	UP0101-NPUB90930_00-MGRDEMOLOCAL0001	2019-04-03 12:16:36		3605924704	
NPEB90502	EU	Saints Row IV: Inauguration Station Demo	http://zeus.dl.playstation.net/cdn/EP4062/NPEB90502_00/gCaLmgtEVYAjbOAeLgJzmJLpGwOXnhlLNaMZfyeCbchfNTTSTHDEdewMsgYLceua.pkg	NOT REQUIRED	EP4062-NPEB90502_00-SAINTSROWFOURDMO	2019-07-29 13:13:33		1294111968	
NPUA70034	US	Killzone®2 Demo	http://zeus.dl.playstation.net/cdn/UP9000/NPUA70034_00/SO2lDWkoAc7R8N61sJ6pCS5AC9FKaPH0Nu1oYOYDqn3g5WV4NJALg4NDmC5FVpwh5uVcOwsISvddCupU2ANt5jGhJ0txqLgvt2gcq.pkg	0d8c2cb4aa810833bfad9dea7b9d6640	UP9000-NPUA70034_00-DKILLZONE2000001	2019-04-03 12:16:36		1264785424	
NPUA80002	EU	Blast Factor™ Demo	http://zeus.dl.playstation.net/cdn/EP9000/NPUA80002_00/laYELyMBfjCyqd6KVjGHcrYDi0C7o8OV1fGGfaeIXlnjXY2QhKQ9nBgVtdwlww9DowAp0VU0unn1sKGwiysP75Ktn6cVEPlUJECJe.pkg	NOT REQUIRED	EP9000-NPUA80002_00-BLASTFACTORDEMO1			140149264	
NPEA90040	EU	Demo de Numblast	http://zeus.dl.playstation.net/cdn/EP9000/NPEA90040_00/45JfoVfvpmkQe0haebJvpB0PuBAtTYN68YiFBRfw5CqJj0LFXKdu2k1v33grgHh1fMXOj5mBND1tYak2I8WogS43icLhNlwCQFnkv.pkg	NOT REQUIRED	EP9000-NPEA90040_00-0000000000000000			410362224	
NPEA00020	EU	BLASTFACTORDEMO1	http://zeus.dl.playstation.net/cdn/EP9000/NPEA00020_00/37StdRW7FMPBQfuXFkj136pRFyeddEluaywCkelIOYGuMmtiAYaDfUqwAQELNt746iJXlyWSTjC6nOyCt6ldkv6rpWcwVhOQ0SpeO.pkg	NOT REQUIRED	EP9000-NPEA00020_00-BLASTFACTORDEMO1	2019-07-29 13:13:33		142776640	
NPEA90029	EU	PlayTV Demo	http://zeus.dl.playstation.net/cdn/EP9000/NPEA90029_00/OqhF247Jlni9hereFNYvJosMlPKnhTfycVSH0mqFerWI0RAXNdwFJVnLCGnWIv6KBqcSrv9or4jdJlEm7nnu979KEyl5bIfNwj5W0.pkg	NOT REQUIRED	EP9000-NPEA90029_00-PLAYTVPSN0000001			1403777760	
NPEB90537	EU	LEGOBATMAN3DEMO0	http://ares.dl.playstation.net/cdn/EP1018/NPEB90537_00/MZtLhaBciOJBulNXxCcuXmkwCKDnmQvGEEWrmiODyGUmcNsmFWECvvPUDsgEhHcgEKQYBTrkShwquWrRHwOdXOWlVCXPLohlOiASV.pkg	NOT REQUIRED	EP1018-NPEB90537_00-LEGOBATMAN3DEMO0			714096144	
NPUB90004	US	DEF JAM: ICON (DEMO)	http://zeus.dl.playstation.net/cdn/UP0006/NPUB90004_00/QhjF5YEuPMs0Yp9T85uU2gMEDlh92jekSggmcyM096Y5fyC4LM1QedjRbe9ctFrEP5iS5COQS1K5B1CPm23dlHIat08Ak9XUtJ1eG.pkg	NOT REQUIRED	UP0006-NPUB90004_00-DEFJAMICON000001	2019-06-17 05:40:50		377062128	
NPUA80025	EU	Blast Factor (DEMO)	http://zeus.dl.playstation.net/cdn/EP9000/NPUA80025_00/ciC0OyWiTDXWWlK92KQQMLs7RAkLGNwYiE1HNmm00EPKH5XnEsCYnDfBihexesw7hy6QodwVUdSuyeQk2yQtjSx2iN9qbjXD32Xsi.pkg	NOT REQUIRED	EP9000-NPUA80025_00-BLASTFACTOR0001D	2019-06-17 05:40:49		101524656	
NPUB90025	US	Dynasty Warriors: GUNDAM (DEMO)	http://zeus.dl.playstation.net/cdn/UP0700/NPUB90025_00/FRmTYJur3s1kjVuRbU6r9Hnq0QyfNtTfQG6EBh37GNHR75PIwq5M07o1aByHbL5OpXOHwmJLlyQbKUPns6oHutkYMieqmpMOJK7Nc.pkg	NOT REQUIRED	UP0700-NPUB90025_00-0000000000000000	2019-06-17 05:40:50		470738016	
NPUB90021	US	STRANGLEHOLD (DEMO)	http://zeus.dl.playstation.net/cdn/UP0178/NPUB90021_00/O6XOWjIPr0aGSaEopWHinqqdWU7NM6JTETeA6jE8ovN7dy4kY1VQKsdx2UTLp289KheuKbEOktlpvOt8BA3xgjMeiV8co0WVQb2mJ.pkg	NOT REQUIRED	UP0178-NPUB90021_00-STRANGLEHOLDDEMO	2019-06-17 05:40:50		1401772240	
NPUB30018	US	Rocketmen: Axis of Evil DEMO	http://zeus.dl.playstation.net/cdn/UP0102/NPUB30018_00/AVeG6jxi1nWvhIeLFIympb4NE7bHwf7JXOtO6He7NM46PhXGHIjyG3f8ofDKvE33NcX463mLKJDNrj0MIHA1n1WGsWC79ngOhQXtN.pkg	NOT REQUIRED	UP0102-NPUB30018_00-000000000000DEMO	2019-06-17 05:40:51		130554608	
NPUB90442	US	DeathSpank (DEMO)	http://ares.dl.playstation.net/cdn/UP0006/NPUB90442_00/YvApXHGWmiU2HrJAtJXC3lxI7jNCBQhOI8iSPXRDAIhCdTecoexwdK3hXOAHU1mHY92FjlJ8ECgLJjhVJw1WUkmw1eYdEWOjiXjSE.pkg	NOT REQUIRED	UP0006-NPUB90442_00-DEATHSPANK00DEMO	2019-06-17 05:40:50		403989776	
NPUB90006	US	RIDGE RACER 7 Playable (DEMO)	http://zeus.dl.playstation.net/cdn/UP0700/NPUB90006_00/8wRkiXEBrLiirWM5lbjssxQGGTjBLl58Fdk2ItlKDu0TnE99GV7ScY8s7BrjGuJDsWvXfY1tqX5hJa3LKe9jLFXt8xeQg6QKN2Yk8.pkg	NOT REQUIRED	UP0700-NPUB90006_00-0000111122223333	2019-06-17 05:40:50		412943472	
NPUB90050	US	Tiger Woods PGA TOUR 08 (DEMO)	http://zeus.dl.playstation.net/cdn/UP0006/NPUB90050_00/i6Jj6583uNMr0pu1H3Bp5Ip3l4GuP5uJESo8WdoqCI1ysrYTq5rmKBcm17DuD3Ny5iuVG3NqA3XTw7bDq2eTqeBSpD4pAwSTet4wl.pkg	NOT REQUIRED	UP0006-NPUB90050_00-TIGER08DEMO00001	2019-06-17 05:40:49		763368928	
NPUB90068	US	FIFA Street 3 (DEMO)	http://zeus.dl.playstation.net/cdn/UP0006/NPUB90068_00/yuLOD43AfYmwp4qFRsUUkFBY4DSRd6rMy3xw9tlOop3S18ah382V8kkJ7ofSD4reGrRRvbHMUmmf1kKsJrbJ8JxIyjxgI5JF0Uell.pkg	NOT REQUIRED	UP0006-NPUB90068_00-FIFASTREET3DEMO1	2019-06-17 05:40:50		324983376	
NPUA70020	US	The Last Guy (DEMO)	http://zeus.dl.playstation.net/cdn/UP9000/NPUA70020_00/oUirUb0FGE2o023Q32RUXlIhk9WXoXi9dTt5cLJvrDmJrsywsPVdPTm3it2nUXE6M870laWD8nmcWOdMbQxQkogEpD59pFuqfrA9i.pkg	NOT REQUIRED	UP9000-NPUA70020_00-THELASTGUYTRIAL0	2019-06-17 05:40:50		222194576	
NPUB90123	US	FACEBREAKER (DEMO)	http://zeus.dl.playstation.net/cdn/UP0006/NPUB90123_00/fh1qNA2cnVT5qTCGIekQQchf7i5PbLscJjFjN850COv6OjunaljPdLUX2twqqC2KW3OI5PvNeln92elCoqjy3cHmdS91WsHpeyOol.pkg	NOT REQUIRED	UP0006-NPUB90123_00-FNB0800000000001	2019-06-17 05:40:51		997232160	
NPUB90408	US	Majin and the Forsaken Kingdom (DEMO)	http://ares.dl.playstation.net/cdn/UP0700/NPUB90408_00/PHoy9YmTrCXmOI8XbcoSKXgVLy7nTCQo229vDItxq8emb8Sn0bgNNWq8XhrLyjGKsyqP5Fs7b7fWc0T4WsxnoHr3LrsdKcsdUcvlT.pkg	NOT REQUIRED	UP0700-NPUB90408_00-MAJINFORSAKNDEMO	2019-06-17 05:40:50		284579792	
NPUB90500	US	Castlevania: Lords of Shadow (DEMO)	http://ares.dl.playstation.net/cdn/UP0101/NPUB90500_00/p5ChC8fK6inQv2OFQen9PJpmdnetmwnCNuk7LSXGah40ci5ThS2YS5MWg27ok8F6hjLlpLDFvdOG0M5kwiQU597PCW6mce6gB1p5q.pkg	NOT REQUIRED	UP0101-NPUB90500_00-CASTLEVANIALOSDM	2019-06-17 05:40:51		1635826432	
NPUB90719	US	Rayman Origins (DEMO)	http://ares.dl.playstation.net/cdn/UP0001/NPUB90719_00/NWulKYszojcGmkSBGtNWrsAmUvIuYqXPcwtfSbEEItnTITIMmaepmJxWzEBFvfxUImzucoNYhmnJiRAszkzgobFkymopwmfPhHUhM.pkg	NOT REQUIRED	UP0001-NPUB90719_00-RAYMANORDEMO0001	2019-06-17 05:40:50		476882464	
NPJB90588	JP	Hatsune miku -Project DIVA- F TRIAL EDITION 體驗版	http://ares.dl.playstation.net/cdn/JP0177/NPJB90588_00/nnYJOZwGTgNGJalsHPVvOsKvRMgxqWmzWNaoWgocpYkfjDIGdXzAmiRguCkiDBEhCauGlSQlpHBISDAQztzBJLTmoMRfzOaVgoKXQ.pkg	MISSING	JP0177-NPJB90588_00-PJDF393PRPRTRIAL			443553504	
BCET70015	EU	UNCHARTED 2: Among Thieves™ [Public Multiplayer Demo]	MISSING		EP9000-BCET70015_00-UNCHARTED2CBETA0			0	
NPJB90723	JP	Dynasty Warriors 8 Empires Edit Mode Trial Version (DEMO)	http://ares.dl.playstation.net/cdn/JP0106/NPJB90723_00/riqDNKKAOFpHIdMSHXtirDHyybSYZupQlzUEgyLvwNBCbbBuDrvEvZsrwLSalFmHVMgoHByvKtaTtVBhzhRTFdiNXqfkvPhSnmpyU.pkg	MISSING	JP0106-NPJB90723_00-SM7EMPEDITTRIAL0			2682686688	