Title ID	Region	Name	JSON direct link	RAP	Content ID	Last Modification Date	Download .RAP file
CUSA00010	US	Assassin's Creed IV: Black Flag - Aveline	http://gs2.ww.prod.dl.playstation.net/gs2/acpkgo/prod/CUSA00010_00/21/f_9e7b805cf4861f04778ae7afb9735e73b9fbc98bf6f811cc7ce16411b5ab16cb/f/UP0001-CUSA00010_00-ACAVELINEPACKDLC.json	MISSING	UP0001-CUSA00010_00-ACAVELINEPACKDLC	2017-12-22 23:10:18	
CUSA00860	US	Tales from the Borderlands Episode 2	http://gs2.ww.prod.dl.playstation.net/gs2/acpkgo/prod/CUSA00860_00/9/f_31f19fca5e812a2e1821de9226387cbf4f66e199c2c28e5135337ecaa1bc70ca/f/EP2026-CUSA00860_00-TFTBL0000000DLC2.pkg	MISSING	EP2026-CUSA00860_00-TFTBL0000000DLC2	2017-12-22 23:10:18	
CUSA00860	US	Tales from the Borderlands Episode 3	http://gs2.ww.prod.dl.playstation.net/gs2/acpkgo/prod/CUSA00860_00/12/f_4773328914a1f1504a2592a9c1ebb1487e543ad6eb37279bf9dd052975ea7dae/f/EP2026-CUSA00860_00-TFTBL0000000DLC3.pkg	MISSING	EP2026-CUSA00860_00-TFTBL0000000DLC3	2017-12-22 23:10:18	
CUSA00860	US	Tales from the Borderlands Episode 4	http://gs2.ww.prod.dl.playstation.net/gs2/acpkgo/prod/CUSA00860_00/14/f_578bdcbf6f7c5c04fc89fc6840ad697d9647820c04fc92b23ec7ee053cd93f00/f/EP2026-CUSA00860_00-TFTBL0000000DLC4.pkg	MISSING	EP2026-CUSA00860_00-TFTBL0000000DLC4	2017-12-22 23:10:18	
CUSA00860	US	Tales from the Borderlands Episode 5	http://gs2.ww.prod.dl.playstation.net/gs2/acpkgo/prod/CUSA00860_00/15/f_70161b34ecff875e9f47cb82053c7061c909333d79df3e953ef9b39308e06ccd/f/EP2026-CUSA00860_00-TFTBL0000000DLC5.pkg	MISSING	EP2026-CUSA00860_00-TFTBL0000000DLC5	2017-12-22 23:10:18	
CUSA00870	US	Tales From The Borderlands - Episode 2	http://gs2.ww.prod.dl.playstation.net/gs2/acpkgo/prod/CUSA00870_00/22/f_062570c61fdb475038faf80e6ff60a12a9e6446664f4126930317a5e9bb46609/f/UP2026-CUSA00870_00-TFTBL0000000DLC2.json	MISSING	UP2026-CUSA00870_00-TFTBL0000000DLC2	2019-01-27 00:49:38	
CUSA00924	US	Resident Evil Revelations 2 - Episode 2	http://gs2.ww.prod.dl.playstation.net/gs2/acpkgo/prod/CUSA00924_00/114/f_0fe77b5e1a45ba44965d74d4c47073929f970898bd3088b2b41896752e47523a/f/UP0102-CUSA00924_00-BHR2EPISODE20000.json	MISSING	UP0102-CUSA00924_00-BHR2EPISODE20000	2018-01-27 00:49:38	
CUSA00924	US	Resident Evil Revelations 2 - Episode 3	http://gs2.ww.prod.dl.playstation.net/gs2/acpkgo/prod/CUSA00924_00/112/f_ecd67943273d5151ff7f575b1b54054c14552d9bd559421f832ae7753f5042b2/f/UP0102-CUSA00924_00-BHR2EPISODE30000.json	MISSING	UP0102-CUSA00924_00-BHR2EPISODE30000	2018-01-27 00:49:38	
CUSA00924	US	Resident Evil Revelations 2 - Episode 4	http://gs2.ww.prod.dl.playstation.net/gs2/acpkgo/prod/CUSA00924_00/110/f_c18af3b03af50a762892fa9a84e92e2e566068d03bdc12241eacb2cfdf425bc0/f/UP0102-CUSA00924_00-BHR2EPISODE40000.json	MISSING	UP0102-CUSA00924_00-BHR2EPISODE40000	2018-01-27 00:49:38	
CUSA00924	US	Resident Evil Revelations 2 - Extra Episode 1	http://gs2.ww.prod.dl.playstation.net/gs2/acpkgo/prod/CUSA00924_00/109/f_0a7eb42cde21d9b426efbdb2806836afe325f7bbbc08ddb2d7a6f64b46e20bdc/f/UP0102-CUSA00924_00-BHR2EXEPISODE100.json	MISSING	UP0102-CUSA00924_00-BHR2EXEPISODE100	2018-01-27 00:49:38	
CUSA00924	US	Resident Evil Revelations 2 - Extra Episode 2	http://gs2.ww.prod.dl.playstation.net/gs2/acpkgo/prod/CUSA00924_00/115/f_ab3b78f4faba97f9002e76e22847f07737ec92af265e81d8d9e06ace49583d6e/f/UP0102-CUSA00924_00-BHR2EXEPISODE200.json	MISSING	UP0102-CUSA00924_00-BHR2EXEPISODE200	2018-01-27 00:49:38	
CUSA01402	US	Game of Thrones: Episode Five	http://gs2.ww.prod.dl.playstation.net/gs2/acpkgo/prod/CUSA01402_00/45/f_b056e4be27cd4fc47750f02331a4d9fd54834005b59dd5a551e29e8a33390af7/f/UP2026-CUSA01402_00-GOT000000000DLC5.json	MISSING	UP2026-CUSA01402_00-GOT000000000DLC5	2018-01-10 17:50:42	
CUSA01402	US	Game of Thrones: Episode Four	http://gs2.ww.prod.dl.playstation.net/gs2/acpkgo/prod/CUSA01402_00/42/f_baeff6626c0e0c8d895bb4f461b31d528e49ea76aaf870a1f5a01c860020e9c8/f/UP2026-CUSA01402_00-GOT000000000DLC4.json	MISSING	UP2026-CUSA01402_00-GOT000000000DLC4	2018-01-10 17:50:42	
CUSA01402	US	Game of Thrones: Episode Six	http://gs2.ww.prod.dl.playstation.net/gs2/acpkgo/prod/CUSA01402_00/46/f_334e0c1f8cf7425045764602b595f3c7a7ad6e7e9b78a1ed61d0627596960e2c/f/UP2026-CUSA01402_00-GOT000000000DLC6.json	MISSING	UP2026-CUSA01402_00-GOT000000000DLC6	2018-01-10 17:50:42	
CUSA01402	US	Game of Thrones: Episode Three	http://gs2.ww.prod.dl.playstation.net/gs2/acpkgo/prod/CUSA01402_00/39/f_7c9564cbbf3e01f17477b2ec142ee82cdfd4e7ca8598f94c1e3b787f1a673120/f/UP2026-CUSA01402_00-GOT000000000DLC3.json	MISSING	UP2026-CUSA01402_00-GOT000000000DLC3	2018-01-10 17:50:42	
CUSA01402	US	Game of Thrones: Episode Two	http://gs2.ww.prod.dl.playstation.net/gs2/acpkgo/prod/CUSA01402_00/35/f_278c5c20d7d84419fc713342cb28c0fdd49864193cd17e3a3609145c595bce85/f/UP2026-CUSA01402_00-GOT000000000DLC2.json	MISSING	UP2026-CUSA01402_00-GOT000000000DLC2	2018-01-10 17:50:42	
CUSA01442	US	Life Is Strange - Directors Commentary	http://gs2.ww.prod.dl.playstation.net/gs2/acpkgo/prod/CUSA01442_00/29/f_dfb63f99595584b17b158cf1adc3795032cfc8775ecf3d1acb3c9cce798dd2ba/f/UP0082-CUSA01442_00-LISDIRCOM0000001.json	MISSING	UP0082-CUSA01442_00-LISDIRCOM0000001	2018-01-10 17:50:42	
CUSA01442	US	Life Is Strange - Episode 2	http://gs2.ww.prod.dl.playstation.net/gs2/acpkgo/prod/CUSA01442_00/24/f_02eafa7d17507972e0f0b0adc20593a6d3aca8120959158821e4bf64f6a8004d/f/UP0082-CUSA01442_00-LFSTRNGEPISODE02.json	MISSING	UP0082-CUSA01442_00-LFSTRNGEPISODE02	2018-01-10 17:50:42	
CUSA01442	US	Life Is Strange - Episode 3	http://gs2.ww.prod.dl.playstation.net/gs2/acpkgo/prod/CUSA01442_00/25/f_c3f5acc58456348ad7a7967dc90cb0ab3e74237b22ed7a9b682e43d12a45c547/f/UP0082-CUSA01442_00-LFSTRNGEPISODE03.json	MISSING	UP0082-CUSA01442_00-LFSTRNGEPISODE03	2018-01-10 17:50:42	
CUSA01442	US	Life Is Strange - Episode 4	http://gs2.ww.prod.dl.playstation.net/gs2/acpkgo/prod/CUSA01442_00/27/f_54b39b8dae5e25b2dc5c710d447c8418f7013e9d8889107bdf54c6a60b7866c6/f/UP0082-CUSA01442_00-LFSTRNGEPISODE04.json	MISSING	UP0082-CUSA01442_00-LFSTRNGEPISODE04	2018-01-10 17:50:42	
CUSA01442	US	Life Is Strange - Episode 5	http://gs2.ww.prod.dl.playstation.net/gs2/acpkgo/prod/CUSA01442_00/26/f_1747daec13d64c6dbf3b146f2a504c8119950c755912338bcb4c0eb5b86cb572/f/UP0082-CUSA01442_00-LFSTRNGEPISODE05.json	MISSING	UP0082-CUSA01442_00-LFSTRNGEPISODE05	2018-01-10 17:50:42	
CUSA01442	US	Life Is Strange - Episode 2	http://gs2.ww.prod.dl.playstation.net/gs2/acpkgo/prod/CUSA01442_00/8/f_8cbba978b4d96c8ee6b9e451191a4dbdd18958fc6c9803d72737d9e2c9a0f3c0/f/UP0082-CUSA01442_00-LFSTRNGEPISODE02.json	MISSING	UP0082-CUSA01442_00-LFSTRNGEPISODE02	2018-01-27 00:49:38	
CUSA01799	US	Deus Ex: Mankind Divided - Classic Pack	http://gs2.ww.prod.dl.playstation.net/gs2/acpkgo/prod/CUSA01799_00/187/f_ffece293a3c8ad75acffd22e474b16a39620f7fe5dd069b2e3164490cc0dabde/f/UP0082-CUSA01799_00-DXMDCLASSIC00001.json	MISSING	UP0082-CUSA01799_00-DXMDCLASSIC00001	2018-01-10 17:50:37	
CUSA01799	US	Deus Ex: Mankind Divided - Enforcer Pack	http://gs2.ww.prod.dl.playstation.net/gs2/acpkgo/prod/CUSA01799_00/186/f_387e15e266159e044c72d8e41cb50862b27edbd7fd1c4a74bb1a804523388301/f/UP0082-CUSA01799_00-DXMDENFORCER0001.json	MISSING	UP0082-CUSA01799_00-DXMDENFORCER0001	2018-01-10 17:50:42	
CUSA01799	US	Deus Ex: Mankind Divided - Intruder Pack	http://gs2.ww.prod.dl.playstation.net/gs2/acpkgo/prod/CUSA01799_00/189/f_0e217b35ec7b55d3382145bbfbf872533367bea8cf6475ef1c81d2785da32ac9/f/UP0082-CUSA01799_00-DXMDINTRUDER0001.json	MISSING	UP0082-CUSA01799_00-DXMDINTRUDER0001	2018-01-10 17:50:42	
CUSA01799	US	Deus Ex: Mankind Divided - Desperate Measures	http://gs2.ww.prod.dl.playstation.net/gs2/acpkgo/prod/CUSA01799_00/190/f_39264ed99e829562249ee75335277b9b4a338586294456e867e20b7b8bdb5b31/f/UP0082-CUSA01799_00-DLCPREORDER00001.json	MISSING	UP0082-CUSA01799_00-DLCPREORDER00001	2018-01-10 17:54:48	
CUSA01967	US	Horizon Zero Dawn: The Frozen Wilds	http://gs2.ww.prod.dl.playstation.net/gs2/acpkgo/prod/CUSA01967_00/36/f_685476fcea7d993a03cca133d06a128cafc537df01c8d1cb760f342f5f5c6b35/f/UP9000-CUSA01967_00-HRZ000000000DLC1.json	MISSING	UP9000-CUSA01967_00-HRZ000000000DLC1	2017-12-22 23:10:18	
CUSA02290	US	Call of Duty: Black Ops III - Eclipse DLC	http://gs2.ww.prod.dl.playstation.net/gs2/acpkgo/prod/CUSA02290_00/24/f_ea448c23758b3cbd47e3b0acf6b3682de4cf04e429222a343a5ba483673b980f/f/UP0002-CUSA02290_00-BLACKOPS3MAPPAK2.json	MISSING	UP0002-CUSA02290_00-BLACKOPS3MAPPAK2	2017-12-22 23:10:18	
CUSA05855	US	Assassin's Creed Origins: The Secrets of the First Pyramids	http://gs2.ww.prod.dl.playstation.net/gs2/acpkgo/prod/CUSA05855_00/150/f_89e98664890dd6b07d3f9f42eb7748398abdbf80ec3e6b7eefbac0ff6cdb17cf/f/UP0001-CUSA05855_00-ULCGAMEPLAY00001.pkg	MISSING	UP0001-CUSA05855_00-ULCGAMEPLAY00001	2017-12-22 23:10:18	
CUSA05855	US	Assassin's Creed Origins: Ambush at Sea	http://gs2.ww.prod.dl.playstation.net/gs2/acpkgo/prod/CUSA05855_00/159/f_5091fb854f90ec531fa24a71144d7d8b68233aa46fe775b71590d2e0ca0ce41f/f/UP0001-CUSA05855_00-ULCGAMEPLAY00002.pkg	MISSING	UP0001-CUSA05855_00-ULCGAMEPLAY00002	2017-12-22 23:10:18	
CUSA05855	US	Assassin's Creed Origins Desert Cobra Pack	http://gs2.ww.prod.dl.playstation.net/gs2/acpkgo/prod/CUSA05855_00/173/f_116fa5fb282238b6306c8ca87152fae58e2ef4c36a56c109443d68bea408280b/f/UP0001-CUSA05855_00-DLCITEMPACK00003.pkg	MISSING	UP0001-CUSA05855_00-DLCITEMPACK00003	2017-12-22 23:10:18	
CUSA05855	US	Assassin's Creed Origins Calamity Blade	http://gs2.ww.prod.dl.playstation.net/gs2/acpkgo/prod/CUSA05855_00/151/f_02331c4fe182cc6448b92e74cc497fe425bd8011435c6cc64dc109583052fb13/f/UP0001-CUSA05855_00-ULCWEAPON0000013.pkg	MISSING	UP0001-CUSA05855_00-ULCWEAPON0000013	2017-12-22 23:10:18	
CUSA06211	EU	Hatsune Miku: Project DIVA Future Tone Future Sound	http://gs2.ww.prod.dl.playstation.net/gs2/acpkgo/prod/CUSA06211_00/4/f_d72e1a4327c02a8246ce22945757af2ea51a466ca592f12fe49cb09698eb3f68/f/EP0177-CUSA06211_00-DIVAFT39FUTURE00.json	MISSING	EP0177-CUSA06211_00-DIVAFT39FUTURE00	2017-12-22 23:25:28	
CUSA06211	EU	Hatsune Miku: Project DIVA Future Tone Colorful Tone	http://gs2.ww.prod.dl.playstation.net/gs2/acpkgo/prod/CUSA06211_00/2/f_5a5d5fcf37fad39d91c34b895c6784539d2d36d07748c1bb9e016f518fa5879b/f/EP0177-CUSA06211_00-DIVAFT39TONE0000.json	MISSING	EP0177-CUSA06211_00-DIVAFT39TONE0000	2017-12-22 23:25:54	
CUSA05748	EU	Cabin Attendant Style 39	http://gs2.ww.prod.dl.playstation.net/gs2/acpkgo/prod/CUSA05748_00/16/f_0f59eeb128ae7c75eda35445f6be94e7617fb9d2c943bc07d6bbfccdaeb7e8e2/f/EP0177-CUSA05748_00-PJDXDLCMIK326019.json	MISSING	EP0177-CUSA05748_00-PJDXDLCMIK326019	2018-01-29 22:04:10	
CUSA06638	EU	Persona 5 Japanese Audio Track	http://gs2.ww.prod.dl.playstation.net/gs2/acpkgo/prod/CUSA06638_00/34/f_d1bb5a2ee6cce75c48cc9f80ec9477bbb0984e9dfecd653da13fb5dcef89e860/f/EP4062-CUSA06638_00-ADDCONTENT000022.json	MISSING	EP4062-CUSA06638_00-ADDCONTENT000022	2018-01-29 22:04:13	
CUSA05748	EU	Cabin Attendant Style A	http://gs2.ww.prod.dl.playstation.net/gs2/acpkgo/prod/CUSA05748_00/8/f_4fea553af988d258a5dedf48d97bd838587c3e076472d290659abe6d38e9de4a/f/EP0177-CUSA05748_00-PJDXDLCMIK325018.json	MISSING	EP0177-CUSA05748_00-PJDXDLCMIK325018	2018-01-29 22:04:52	
CUSA00736	JP	Battle of Jakku	http://gs2.ww.prod.dl.playstation.net/gs2/acpkgo/prod/CUSA00736_00/22/f_d57b05d0ba34048ab1ac9c7f8710630e7a6713977260363946e3c0ed823f932f/f/JP0006-CUSA00736_00-XPACK00000000000.json	MISSING	JP0006-CUSA00736_00-XPACK00000000000	2018-08-08 07:24:16	
CUSA11967	US	PixelJunk™ Monsters 2 Danganronpa Pack	MISSING	MISSING	UP4774-CUSA11967_00-PJM2DANGANRONPA1	2018-11-06 22:08:59	
CUSA11967	US	PixelJunk™ Monsters 2 Encore Pack	MISSING	MISSING	UP4774-CUSA11967_00-PJM2ENCOREPACK01	2018-11-06 22:08:59	
CUSA01357	JP	文化祭で何するの	http://gs2.ww.prod.dl.playstation.net/gs2/acpkgo/prod/CUSA01357_00/2/f_f5d42ee9acceec97174542a6d75da874e1fadbe592c63d82e37c64803ff02058/f/JP0741-CUSA01357_00-ANOOREADDCONTE01.json	MISSING	JP0741-CUSA01357_00-ANOOREADDCONTE01	2018-11-06 22:08:59	
CUSA03475	JP	追加キャラクター「ユウキ」「レン」	http://gs2.ww.prod.dl.playstation.net/gs2/acpkgo/prod/CUSA03475_00/3/f_e25740760bcf9aa6bf034be0cec21058f6a8b2f6d12ddfab704ec979bd7bd63a/f/JP0177-CUSA03475_00-DFCIGNITION00001.json	MISSING	JP0177-CUSA03475_00-DFCIGNITION00001	2018-11-06 22:08:59	
CUSA05640	JP	Assassin's Creed Origins Japanese Audio	http://gs2.ww.prod.dl.playstation.net/gs2/acpkgo/prod/CUSA05640_00/122/f_b2b3f6cc05dcf8a793f8256d298003fe1e92b280cf858161045bc70fa38e408c/f/JP0001-CUSA05640_00-ACEAUDIOPACKJAJP.json	MISSING	JP0001-CUSA05640_00-ACEAUDIOPACKJAJP	2018-11-06 22:08:59	
CUSA07429	JP	楽曲「Best Friends (OP ver.)」	http://gs2.ww.prod.dl.playstation.net/gs2/acpkgo/prod/CUSA07429_00/56/f_7ab83dc42142c9fbcce023efd47683ab524e5b301e3bd8eacda2d3564303b070/f/JP0005-CUSA07429_00-ADDCONTDLCD00048.json	MISSING	JP0005-PCSG01030_00-ADDCONTDLCD00048	2018-11-06 22:08:59	
CUSA07429	JP	楽曲：P5A「BREAK IN TO BREAK OUT (OP ver.)」	http://gs2.ww.prod.dl.playstation.net/gs2/acpkgo/prod/CUSA07429_00/33/f_9b0cdc5b7764ac0a6005f57f6bc4f2790a7de8eef19b4f118f1c8821ad4b44c0/f/JP0005-CUSA07429_00-ADDCONTDLCD00053.json	MISSING	JP0005-PCSG01030_00-ADDCONTDLCD00053	2018-11-06 22:08:59	
CUSA08309	JP	うたわれるもの 散りゆく者への子守唄 DLCユニットデータ 『クオン』	http://gs2.ww.prod.dl.playstation.net/gs2/acpkgo/prod/CUSA07274_00/88/f_ba9f883b7410c65aa3805e777b899d45b362842fa904d44fbee47957d8dd1d1e/f/JP0507-CUSA07274_00-FATEEXLINKDLC035.json	MISSING	JP0761-CUSA08309_00-UTAWARETIRIDLC01	2018-11-06 22:08:59	
CUSA08309	JP	DLCユニット 『ネコネ』	http://gs2.ww.prod.dl.playstation.net/gs2/acpkgo/prod/CUSA08309_00/27/f_03e5e659a7ced74a06069a3108cdf0d6428a0d076c9ec46db0b4e867e69c1d39/f/JP0761-CUSA08309_00-UTAWARETIRIDLC02.json	MISSING	JP0761-PCSG01079_00-UTAWARETIRIDLC02	2018-11-06 22:08:59	
CUSA08309	JP	うたわれるもの 散りゆく者への子守唄 DLCユニットデータ 『ルルティエ』	http://gs2.ww.prod.dl.playstation.net/gs2/acpkgo/prod/CUSA08309_00/29/f_88223e295b223205868b0f5fc09f0ff61bdfa540a18134de7c4571e8f621ed32/f/JP0761-CUSA08309_00-UTAWARETIRIDLC03.json	MISSING	JP0761-PCSG01079_00-UTAWARETIRIDLC03	2018-11-06 22:08:59	
CUSA08309	JP	DLCユニット『ウルゥル・サラァナ』	http://gs2.ww.prod.dl.playstation.net/gs2/acpkgo/prod/CUSA08309_00/42/f_fce9d058392c2b2fdd5a4b8fc307ad97727175d226d1494bf1d4740f17326880/f/JP0761-CUSA08309_00-UTAWARETIRIDLC13.json	MISSING	JP0761-PCSG01079_00-UTAWARETIRIDLC13	2018-11-06 22:08:59	
CUSA08340	JP	HITMAN Japanese Audio(For Complete Edition)	http://gs2.ww.prod.dl.playstation.net/gs2/acpkgo/prod/CUSA08340_00/12/f_526685be851380cfb9f02f2c8df909c9a1c1e1b15e8a0192832496940afbd34d/f/JP0082-CUSA08340_00-0000000000LANGJP.json	MISSING	JP0082-CUSA08340_00-0000000000LANGJP	2018-11-06 22:08:59	
CUSA09163	JP	追加衣装：ホワイトフェアリー	http://gs2.ww.prod.dl.playstation.net/gs2/acpkgo/prod/CUSA09163_00/2/f_4e35a5ab4ce46ad042e7de302ddc442028742aee2f3de44333dac31229b4c953/f/JP0031-CUSA09163_00-ADDCONTENTDLC001.json	MISSING	JP0031-CUSA09163_00-ADDCONTENTDLC001 	2018-11-06 22:08:59	
CUSA09163	JP	追加衣装：ホワイトリリィ	http://gs2.ww.prod.dl.playstation.net/gs2/acpkgo/prod/CUSA09163_00/18/f_58678a1a8ec36b896e647ce47cdb86a0e9d4eb90a8c31d0e5107b34af31ebb98/f/JP0031-CUSA09163_00-ADDCONTENTDLC002.json	MISSING	JP0031-CUSA09163_00-ADDCONTENTDLC002 	2018-11-06 22:08:59	
CUSA09163	JP	追加衣装：ファウンキャット	http://gs2.ww.prod.dl.playstation.net/gs2/acpkgo/prod/CUSA09163_00/4/f_009e59d42dfd7c96e2de251ff0e624d9616aba7a307dc982781903b4244a04c8/f/JP0031-CUSA09163_00-ADDCONTENTDLC003.json 	MISSING	JP0031-CUSA09163_00-ADDCONTENTDLC003 	2018-11-06 22:08:59	
CUSA09163	JP	追加衣装：黒牡丹	http://gs2.ww.prod.dl.playstation.net/gs2/acpkgo/prod/CUSA09163_00/14/f_1d1a017b4e6fecd3f02c7149e3194b93461953cd02bcc5cf9faecec515fdcfe1/f/JP0031-CUSA09163_00-ADDCONTENTDLC004.json	MISSING	JP0031-CUSA09163_00-ADDCONTENTDLC004        	2018-11-06 22:08:59	
CUSA09163	JP	追加衣装：ティアーゴシック	http://gs2.ww.prod.dl.playstation.net/gs2/acpkgo/prod/CUSA09163_00/6/f_f16331391898592b734e3a68f2829b58de8d712372a573c7e5702d8b43655e2b/f/JP0031-CUSA09163_00-ADDCONTENTDLC005.json	MISSING	JP0031-CUSA09163_00-ADDCONTENTDLC005 	2018-11-06 22:08:59	
CUSA09163	JP	マニアック装備セット	http://gs2.ww.prod.dl.playstation.net/gs2/acpkgo/prod/CUSA09163_00/36/f_1b408b7a946ebe05f5bfae6b79ff19607092664f6a46965211d0a1e66e2f0cec/f/JP0031-CUSA09163_00-ADDCONTENTDLC037.json	MISSING	JP0031-CUSA09163_00-ADDCONTENTDLC037 	2018-11-06 22:08:59	
CUSA09344	JP	Assassin's Creed Odessey Japanese Audio	http://gs2.ww.prod.dl.playstation.net/gs2/acpkgo/prod/CUSA09344_00/43/f_a75b21cf8a250b87e6b16cdab83648869139a489a1b630365284b9c5f8bc16e8/f/JP0001-CUSA09344_00-AUDIOPACKJAJP000.json	MISSING	JP0001-CUSA09344_00-AUDIOPACKJAJP000 	2018-11-06 22:08:59	
CUSA09906	JP	神獄塔 メアリスケルタープレイアイテム	http://gs2.ww.prod.dl.playstation.net/gs2/acpkgo/prod/CUSA09906_00/3/f_c18af6b47afedd05ebcfdfdc69a379949665d0bb5b69f4a04b7d0e8d8f65227c/f/JP0031-CUSA09906_00-ADDCONTENTDLC007.json	MISSING	JP0031-CUSA09906_00-ADDCONTENTDLC007	2018-11-06 22:08:59	
CUSA09906	JP	血式少女達の水着	http://gs2.ww.prod.dl.playstation.net/gs2/acpkgo/prod/CUSA09906_00/2/f_6049169b250ae4ae4218ddf84f2fb7c35a94844629c3d777bc98e4b4f421aacc/f/JP0031-CUSA09906_00-ADDCONTENTDLC018.json	MISSING	JP0031-CUSA09906_00-ADDCONTENTDLC018	2018-11-06 22:08:59	
CUSA09906	JP	デスリク職業衣装①	http://gs2.ww.prod.dl.playstation.net/gs2/acpkgo/prod/CUSA09906_00/17/f_d06a26f04cf65e3cecfbbc3c20764754befbf7be69c7094ee4ad1e5b587b2acd/f/JP0031-CUSA09906_00-ADDCONTENTDLC020.json	MISSING	JP0031-CUSA09906_00-ADDCONTENTDLC020	2018-11-06 22:08:59	
CUSA12240	JP	特別衣装「王元姫」	http://gs2.ww.prod.dl.playstation.net/gs2/acpkgo/prod/CUSA12240_00/9/f_51fcc7571c397b1fa0a9fce1b8819e1a52551013609fc74501b64b193cf80dab/f/JP0106-CUSA12240_00-MO3DLC0SCOS00800.json	MISSING	JP0106-CUSA12240_00-MO3DLC0SCOS00800	2018-11-06 22:08:59	
CUSA12725	JP	HITMAN Japanese Audio	http://gs2.ww.prod.dl.playstation.net/gs2/acpkgo/prod/CUSA12725_00/5/f_33af86f3538bc23647b3a26a95f175109c919fa05bf6b21d8189188506a4dc96/f/JP0012-CUSA12725_00-0000000000LANGJP.json	MISSING	JP0012-CUSA12725_00-0000000000LANGJP	2018-11-06 22:08:59	
CUSA00909	EU	Thomas Was Alone: Benjamin's Flight	http://gs2.ww.prod.dl.playstation.net/gs2/acpkgo/prod/CUSA00909_00/4/f_34a3c569ff771e68de612fa8e6e0b36d8ec98960f9eea44e71a00eed3db83d7f/f/EP4395-CUSA00909_00-THOMASWASALONEAC.json	MISSING	EP4395-CUSA00909_00-THOMASWASALONEAC	2018-11-06 22:08:59	
CUSA00851	EU	Call of Duty® Advanced Warfare - Digital Edition Personalization Pack	http://gs2.ww.prod.dl.playstation.net/gs2/acpkgo/prod/CUSA00851_00/9/f_abccc9c0c5de28332651bb3c44025244df0a24940b17cd30297f430ccabba87d/f/EP0002-CUSA00851_00-CODAWDIGITALPACK.json	MISSING	EP0002-CUSA00851_00-CODAWDIGITALPACK	2018-12-06 17:06:42	
CUSA00265	EU	Minecraft Birthday Skin Pack	http://gs2.ww.prod.dl.playstation.net/gs2/acpkgo/prod/CUSA00265_00/52/f_6fd78ea043758ca11dae0d3f8bd50f922a8786ac9f904cc7869a28ff8603dc75/f/EP4433-CUSA00265_00-KSP0000000000007.json	MISSING	EP4433-CUSA00265_00-KSP0000000000007	2018-12-06 17:06:42	
CUSA00002	EU	KILLZONE™ SHADOW FALL Map Pack	http://gs2.ww.prod.dl.playstation.net/gs2/acpkgo/prod/CUSA00002_00/97/f_d9c63d887c7160df56b43c36f6e508069f7dc672f40fbee45adaf87ff0cf4f9f/f/EP9000-CUSA00002_00-FREECONTENT00001.json	MISSING	EP9000-CUSA00002_00-FREECONTENT00001	2018-12-06 17:06:42	
CUSA00002	EU	KILLZONE™ SHADOW FALL Cruiser/Hanger Map Pack	http://gs2.ww.prod.dl.playstation.net/gs2/acpkgo/prod/CUSA00002_00/69/f_3d48591ffea61fe07ec37cb9b2611ee9042aa47ec78cb7fbb6e3214faf0b0444/f/EP9000-CUSA00002_00-FREECONTENT00000.json	MISSING	EP9000-CUSA00002_00-FREECONTENT00000	2018-12-06 17:06:42	
CUSA00002	EU	KILLZONE™ SHADOW FALL: The Statue Map Pack	http://gs2.ww.prod.dl.playstation.net/gs2/acpkgo/prod/CUSA00002_00/123/f_d8449f59cbddfdd9c9dfc9c32cd46b56808113eb6830d6e01d5da193120a5d55/f/EP9000-CUSA00002_00-FREECONTENT00003.json	MISSING	EP9000-CUSA00002_00-FREECONTENT00003	2018-12-06 17:06:42	
CUSA00002	EU	KILLZONE™ SHADOW FALL Terminal/Stormgratch Map Pack	http://gs2.ww.prod.dl.playstation.net/gs2/acpkgo/prod/CUSA00002_00/109/f_56c76ca9feb9fb44a43c235f5938884fc4aef305b5993f0a4111c60148ca8f2f/f/EP9000-CUSA00002_00-FREECONTENT00002.json	MISSING	EP9000-CUSA00002_00-FREECONTENT00002	2018-12-06 17:06:42	
CUSA00002	EU	KILLZONE™ SHADOW FALL: The Academy Map Pack	http://gs2.ww.prod.dl.playstation.net/gs2/acpkgo/prod/CUSA00002_00/130/f_50df26a08b1d4d80975b8bd14336e8da5691251117095e94fd3d06369fe71e99/f/EP9000-CUSA00002_00-FREECONTENT00004.json	MISSING	EP9000-CUSA00002_00-FREECONTENT00004	2018-12-06 17:06:42	
CUSA00002	EU	KILLZONE™ SHADOW FALL Intercept: Weapons Facility / Academy Map Pack	http://gs2.ww.prod.dl.playstation.net/gs2/acpkgo/prod/CUSA00002_00/135/f_3b9880e03ef13ae991f74d57302f2332a3331da04d65e2e1fda9518529b0c689/f/EP9000-CUSA00002_00-COOPEXPANSION003.json	MISSING	EP9000-CUSA00002_00-COOPEXPANSION003	2018-12-06 17:06:42	
CUSA00002	EU	KILLZONE™ SHADOW FALL Intercept: ATAC Tower / Canal Map Pack	http://gs2.ww.prod.dl.playstation.net/gs2/acpkgo/prod/CUSA00002_00/122/f_b2ffdfd8223103d9f7b71f67f5e76d314edc4c75d67977a3539d220edf2ffbc9/f/EP9000-CUSA00002_00-COOPEXPANSION002.json	MISSING	EP9000-CUSA00002_00-COOPEXPANSION002	2018-12-06 17:06:42	
CUSA00002	EU	KILLZONE™ SHADOW FALL Checkpoint/Containment City Map Pack	http://gs2.ww.prod.dl.playstation.net/gs2/acpkgo/prod/CUSA00002_00/115/f_d04a50a0d3b9da5a0a11f1dca4a1ef4522beec66171a60d310cf793f9aecc0fb/f/EP9000-CUSA00002_00-COOPEXPANSION001.json	MISSING	EP9000-CUSA00002_00-COOPEXPANSION001	2018-12-06 17:06:42	
CUSA00605	EU	Assassin's Creed® Unity: Dead Kings	http://gs2.ww.prod.dl.playstation.net/gs2/acpkgo/prod/CUSA00605_00/134/f_e53c32a6421506870df13fb6e7db936ffb7adfc1b94a3b458af76a3630907b62/f/EP0001-CUSA00605_00-DLCUNDEADKINGS00.json	MISSING	EP0001-CUSA00605_00-DLCUNDEADKINGS00	2018-12-06 17:06:42	
CUSA00050	EU	Be the Zombie	http://gs2.ww.prod.dl.playstation.net/gs2/acpkgo/prod/CUSA00050_00/31/f_accb9c74273b7ae03de279e426b7b517852beb0b595cf84ec866e97b999599ac/f/EP1018-CUSA00050_00-BETHEZOMBIE00000.json	MISSING	EP1018-CUSA00050_00-BETHEZOMBIE00000	2018-12-06 17:06:42	
CUSA00557	EU	The Last of Us™ Remastered - Treacherous Territories Map Pack	http://gs2.ww.prod.dl.playstation.net/gs2/acpkgo/prod/CUSA00557_00/442/f_1ce5323434924170354e0f7f354664051008d63520a7b6477d6b44d8f3d7b255/f/EP9000-CUSA00557_00-THELASTOFUSDLC04.json	MISSING	EP9000-CUSA00557_00-THELASTOFUSDLC04	2018-12-06 17:06:42	
CUSA02624	EU	Call of Duty®: Black Ops III - The Giant Zombies Bonus Map	http://gs2.ww.prod.dl.playstation.net/gs2/acpkgo/prod/CUSA02624_00/9/f_93177fe2945689be84e1062124fc705316682fffafdf75204c9b32c800f4f769/f/EP0002-CUSA02624_00-BLACKOPS3GIANT00.json	MISSING	EP0002-CUSA02624_00-BLACKOPS3GIANT00	2018-12-06 17:06:42	
CUSA00804	EU	RESIDENT EVIL REVELATIONS 2 DLC COSTUME CLARE	http://gs2.ww.prod.dl.playstation.net/gs2/acpkgo/prod/CUSA00804_00/84/f_337cc9c632d9a7df4b19f7161750e4f447540bd9cffaa054f74a9e37b1aea73c/f/EP0102-CUSA00804_00-BHR2COSTUMECLARE.json	MISSING	EP0102-CUSA00804_00-BHR2COSTUMECLARE	2018-12-06 17:06:42	
CUSA00804	EU	RESIDENT EVIL REVELATIONS 2 DLC COSTUME BARRY	http://gs2.ww.prod.dl.playstation.net/gs2/acpkgo/prod/CUSA00804_00/82/f_18b819bd54c442017e6d6d3cd8087953cf0d862973a3b0c9f2006bc6d4a2fee5/f/EP0102-CUSA00804_00-BHR2COSTUMEBARRY.json	MISSING	EP0102-CUSA00804_00-BHR2COSTUMEBARRY	2018-12-06 17:06:42	
CUSA00804	EU	RESIDENT EVIL REVELATIONS 2 DLC RAID WESKER	http://gs2.ww.prod.dl.playstation.net/gs2/acpkgo/prod/CUSA00804_00/88/f_7540b26706c388299ee4c0786fb6db0c23ebd9e6c5d4dc6fc4891ecc1d8e618e/f/EP0102-CUSA00804_00-BHR2RAIDWESKER00.json	MISSING	EP0102-CUSA00804_00-BHR2RAIDWESKER00	2018-12-06 17:06:42	
CUSA00804	EU	RESIDENT EVIL REVELATIONS 2 DLC EPISODE 4	http://gs2.ww.prod.dl.playstation.net/gs2/acpkgo/prod/CUSA00804_00/92/f_fadad58223a6538c8460f326d8bb8c3f583d219552729ea9d78e8bd384b3d2a9/f/EP0102-CUSA00804_00-BHR2EPISODE40000.json	MISSING	EP0102-CUSA00804_00-BHR2EPISODE40000	2018-12-06 17:06:42	
CUSA00804	EU	RESIDENT EVIL REVELATIONS 2 DLC PARTS STORAGE 2	http://gs2.ww.prod.dl.playstation.net/gs2/acpkgo/prod/CUSA00804_00/75/f_9fd8cd55fb4a006e00d03affdfe20e3063a153ff4c5aeed2d0e4c154fcdaf5ae/f/EP0102-CUSA00804_00-BHR2RAIDPARTSS20.json	MISSING	EP0102-CUSA00804_00-BHR2RAIDPARTSS20	2018-12-06 17:06:42	
CUSA00804	EU	RESIDENT EVIL REVELATIONS 2 DLC PARTS STORAGE 3	http://gs2.ww.prod.dl.playstation.net/gs2/acpkgo/prod/CUSA00804_00/85/f_46dc28c654c3aad2b83cc0c000ffcde241bc178b51350d9cc64531f667f3e580/f/EP0102-CUSA00804_00-BHR2RAIDPARTSS30.json	MISSING	EP0102-CUSA00804_00-BHR2RAIDPARTSS30	2018-12-06 17:06:42	
CUSA00804	EU	RESIDENT EVIL REVELATIONS 2 DLC EXTRA 1	http://gs2.ww.prod.dl.playstation.net/gs2/acpkgo/prod/CUSA00804_00/95/f_7bf777258bebae8d3954afed89f0bb2a650b0e571bf3b777663beed28f5a1da2/f/EP0102-CUSA00804_00-BHR2EXEPISODE100.json	MISSING	EP0102-CUSA00804_00-BHR2EXEPISODE100	2018-12-06 17:06:42	
CUSA00804	EU	RESIDENT EVIL REVELATIONS 2 DLC RAID WEAPON STORAGE 2	http://gs2.ww.prod.dl.playstation.net/gs2/acpkgo/prod/CUSA00804_00/73/f_c1f86cb37a13ed6ea23a38621eaa46d781280a43cf9ca8ba001e39c59ce7f89c/f/EP0102-CUSA00804_00-BHR2RAIDWEAPONS2.json	MISSING	EP0102-CUSA00804_00-BHR2RAIDWEAPONS2	2018-12-06 17:06:42	
CUSA00804	EU	RESIDENT EVIL REVELATIONS 2 DLC RAID WEAPON STORAGE 3	http://gs2.ww.prod.dl.playstation.net/gs2/acpkgo/prod/CUSA00804_00/83/f_8b03ece0c60407fcf86cde0e43565b454fc7ca9fc01e8b32de92f3be6e7790d4/f/EP0102-CUSA00804_00-BHR2RAIDWEAPONS3.json	MISSING	EP0102-CUSA00804_00-BHR2RAIDWEAPONS3	2018-12-06 17:06:42	
CUSA00804	EU	RESIDENT EVIL REVELATIONS 2 DLC RAID WEAPON STORAGE 1	http://gs2.ww.prod.dl.playstation.net/gs2/acpkgo/prod/CUSA00804_00/79/f_3f9396ddf380e0ba200e00ee812ad594d2f31266f8886ef1bc9c278351f2f868/f/EP0102-CUSA00804_00-BHR2RAIDWEAPONS1.json	MISSING	EP0102-CUSA00804_00-BHR2RAIDWEAPONS1	2018-12-06 17:06:42	
CUSA00804	EU	RESIDENT EVIL REVELATIONS 2 DLC PARTS STORAGE 1	http://gs2.ww.prod.dl.playstation.net/gs2/acpkgo/prod/CUSA00804_00/74/f_99bf17b5d47a611ad2905ebc54da193417cc93c37ab2ee54fedaecf71832c18e/f/EP0102-CUSA00804_00-BHR2RAIDPARTSS10.json	MISSING	EP0102-CUSA00804_00-BHR2RAIDPARTSS10	2018-12-06 17:06:42	
CUSA00804	EU	RESIDENT EVIL REVELATIONS 2 DLC EPISODE 2	http://gs2.ww.prod.dl.playstation.net/gs2/acpkgo/prod/CUSA00804_00/93/f_d02a4caf589a94c0800b8dfe128eddbca55e61e84b6e5189213d0692e860c3d5/f/EP0102-CUSA00804_00-BHR2EPISODE20000.json	MISSING	EP0102-CUSA00804_00-BHR2EPISODE20000	2018-12-06 17:06:42	
CUSA00804	EU	RESIDENT EVIL REVELATIONS 2 DLC EPISODE 3	http://gs2.ww.prod.dl.playstation.net/gs2/acpkgo/prod/CUSA00804_00/90/f_c4840ba104a3ccf0746b076ca1f2bd1f2945498138fa693af275a7db1239a463/f/EP0102-CUSA00804_00-BHR2EPISODE30000.json	MISSING	EP0102-CUSA00804_00-BHR2EPISODE30000	2018-12-06 17:06:42	
CUSA00804	EU	RESIDENT EVIL REVELATIONS 2 DLC RAID STAGE 1	http://gs2.ww.prod.dl.playstation.net/gs2/acpkgo/prod/CUSA00804_00/91/f_542b056fbac9d54b7875af1e9fe5575d0cb49502424dbaa4f38dd81c8b8efc96/f/EP0102-CUSA00804_00-BHR2RAIDSTAGE100.json	MISSING	EP0102-CUSA00804_00-BHR2RAIDSTAGE100	2018-12-06 17:06:42	
CUSA00804	EU	RESIDENT EVIL REVELATIONS 2 DLC RAID HUNK	http://gs2.ww.prod.dl.playstation.net/gs2/acpkgo/prod/CUSA00804_00/67/f_8e64a994f0f00a89bfc1b4dd12a0bd532cc4d520393233fcd9f23e20d45a901b/f/EP0102-CUSA00804_00-BHR2RAIDHUNK0000.json	MISSING	EP0102-CUSA00804_00-BHR2RAIDHUNK0000	2018-12-06 17:06:42	
CUSA00804	EU	RESIDENT EVIL REVELATIONS 2 DLC EXTRA 2	http://gs2.ww.prod.dl.playstation.net/gs2/acpkgo/prod/CUSA00804_00/89/f_c00feade12ec32a3b0f507d0dee5ccbfa8a0275538c5602e165e5448335b7d82/f/EP0102-CUSA00804_00-BHR2EXEPISODE200.json	MISSING	EP0102-CUSA00804_00-BHR2EXEPISODE200	2018-12-06 17:06:42	
CUSA00804	EU	RESIDENT EVIL REVELATIONS 2 DLC RAID UNJUDGED STORAGE 1	http://gs2.ww.prod.dl.playstation.net/gs2/acpkgo/prod/CUSA00804_00/72/f_ccfdc75520d3d0326bbba2335e755de1686304f88c587b8be371322089d4aa57/f/EP0102-CUSA00804_00-BHR2RAIDUNJUDS10.json	MISSING	EP0102-CUSA00804_00-BHR2RAIDUNJUDS10	2018-12-06 17:06:42	
CUSA00804	EU	RESIDENT EVIL REVELATIONS 2 DLC RAID UNJUDGED STORAGE 2	http://gs2.ww.prod.dl.playstation.net/gs2/acpkgo/prod/CUSA00804_00/77/f_8cd7dc5597f3246cafff99e1e2a6d2b9a0f441be12755f4bded51457aa33ec85/f/EP0102-CUSA00804_00-BHR2RAIDUNJUDS20.json	MISSING	EP0102-CUSA00804_00-BHR2RAIDUNJUDS20	2018-12-06 17:06:42	
CUSA00804	EU	RESIDENT EVIL REVELATIONS 2 DLC COSTUME MOIRA	http://gs2.ww.prod.dl.playstation.net/gs2/acpkgo/prod/CUSA00804_00/78/f_4c0126fc9be0da1c4a6e18ed8a64e4afe20a4c5a7db9c82f8b4482549c67c8c8/f/EP0102-CUSA00804_00-BHR2COSTUMEMOIRA.json	MISSING	EP0102-CUSA00804_00-BHR2COSTUMEMOIRA	2018-12-06 17:06:42	
CUSA00804	EU	RESIDENT EVIL REVELATIONS 2 DLC RAID UNJUDGED STORAGE 3	http://gs2.ww.prod.dl.playstation.net/gs2/acpkgo/prod/CUSA00804_00/81/f_aeac88bbc66fc4e6960c983930f48141dfa0fc8c39342d2ffc5b862d96403126/f/EP0102-CUSA00804_00-BHR2RAIDUNJUDS30.json	MISSING	EP0102-CUSA00804_00-BHR2RAIDUNJUDS30	2018-12-06 17:06:42	
CUSA00804	EU	RESIDENT EVIL REVELATIONS 2 DLC COSTUME NATALIA	http://gs2.ww.prod.dl.playstation.net/gs2/acpkgo/prod/CUSA00804_00/87/f_05c469d6b2de86a4ca3d190babcf3f52e5cd381b8240c5fbeecc44be42836845/f/EP0102-CUSA00804_00-BHR2COSTUMENATAR.json	MISSING	EP0102-CUSA00804_00-BHR2COSTUMENATAR	2018-12-06 17:06:42	
CUSA00804	EU	RESIDENT EVIL REVELATIONS 2 DLC CATALOG PACK	http://gs2.ww.prod.dl.playstation.net/gs2/acpkgo/prod/CUSA00804_00/94/f_a255d0c3d1ebbaa3142a020e7c9cfab3bec471383c8358ac4bda835e53b61211/f/EP0102-CUSA00804_00-BHR2CATALOGPACK1.json	MISSING	EP0102-CUSA00804_00-BHR2CATALOGPACK1	2018-12-06 17:06:42	
CUSA02624	EU	Call of Duty®: Black Ops III - NUK3TOWN Bonus Map	http://gs2.ww.prod.dl.playstation.net/gs2/acpkgo/prod/CUSA02624_00/8/f_323bc1996eab7172ed6f6f4f7489928f50e22def943d19f16eeec59effc6aa7e/f/EP0002-CUSA02624_00-BLACKOPS3NUK3TWN.json	MISSING	EP0002-CUSA02624_00-BLACKOPS3NUK3TWN	2018-12-06 17:06:42	
CUSA02624	EU	COD: BLACK OPS 3 SHAREfactory™ Theme	http://gs2.ww.prod.dl.playstation.net/gs2/acpkgo/prod/CUSA02624_00/13/f_ccf8720bac148110fa9b88122063cb703a7324438578815a3443e117a4649ee9/f/EP0002-CUSA02624_00-SFTHEME000000002.json	MISSING	EP0002-CUSA02624_00-SFTHEME000000002	2018-12-06 17:06:42	
CUSA02624	EU	Black Ops III MP Beta SHAREfactory™ Theme	http://gs2.ww.prod.dl.playstation.net/gs2/acpkgo/prod/CUSA02624_00/2/f_1dbcb3331dd54a30015952d28eb45d1ccac87736eda00364b7ba6df53dd0975f/f/EP0002-CUSA02624_00-SFTHEME000000001.json	MISSING	EP0002-CUSA02624_00-SFTHEME000000001	2018-12-06 17:06:42	
CUSA01539	EU	AKIBA'S TRIP: Undead ＆ Undressed Bonus Item Set	http://gs2.ww.prod.dl.playstation.net/gs2/acpkgo/prod/CUSA01539_00/1/f_3db1bec81bca1a24c02eb760cbb29013e35fc3da79f153fd7e8677bfd8acc9df/f/EP1063-CUSA01539_00-AKIBASNEXTDLC000.json	MISSING	EP1063-CUSA01539_00-AKIBASNEXTDLC000	2018-12-06 17:06:42	
CUSA01601	EU	DOA5LR Costume Catalog LR14	http://gs2.ww.prod.dl.playstation.net/gs2/acpkgo/prod/CUSA01601_00/465/f_e69704d6182e8c261e116a907d080ca890437a3a764ad21f3972a44566b845b7/f/EP4108-CUSA01601_00-CATALOGSEASON220.json	MISSING	EP4108-CUSA01601_00-CATALOGSEASON220	2018-12-06 17:06:42	
CUSA01601	EU	DOA5LR Costume Catalog LR15	http://gs2.ww.prod.dl.playstation.net/gs2/acpkgo/prod/CUSA01601_00/588/f_fc9a156116d60960579fd3b3aef145625e8efe09dca8d91a40c0b8a4cb20a415/f/EP4108-CUSA01601_00-CATALOG201508280.json	MISSING	EP4108-CUSA01601_00-CATALOG201508280	2018-12-06 17:06:42	
CUSA05033	EU	Ticket: Ancient Equipment Maid Costume	http://gs2.ww.prod.dl.playstation.net/gs2/acpkgo/prod/CUSA05033_00/5/f_5d23a38bc6070cefa8cd03e81a39b6a823c2b155b1a21dbece90dadada4be6c1/f/EP0700-CUSA05033_00-SAO4KFJ000100000.json	MISSING	EP0700-CUSA05033_00-SAO4KFJ000100000	2018-12-06 17:06:42	
CUSA02607	EU	Bonus Add-On Set	http://gs2.ww.prod.dl.playstation.net/gs2/acpkgo/prod/CUSA02607_00/1/f_2ba085f326a12f3e7bc7ae985830486c096ba9fb31ec017747175af881eaf831/f/EP0700-CUSA02607_00-SAO2LIT030000000.json	MISSING	EP0700-CUSA02607_00-SAO2LIT030000000	2018-12-06 17:06:42	
CUSA01615	EU	Holiday Pack (free version)	http://gs2.ww.prod.dl.playstation.net/gs2/acpkgo/prod/CUSA01615_00/19/f_c23bd4d27c54491eb71023a18a48778a604df4f03e747146a022b33854078041/f/EP0082-CUSA01615_00-HOLIDAYFREE00001.json	MISSING	EP0082-CUSA01615_00-HOLIDAYFREE00001	2018-12-06 17:06:42	
CUSA00605	EU	Assassin’s Creed® Unity Ondergronds arsenaal-pakket	http://gs2.ww.prod.dl.playstation.net/gs2/acpkgo/prod/CUSA00605_00/124/f_1f91734b03086845dc8178dd1278d38d748274ab036ba16c2fe41aa4d46d195b/f/EP0001-CUSA00605_00-DLCULCPACK000002.json	MISSING	EP0001-CUSA00605_00-DLCULCPACK000002	2018-12-06 17:06:42	
CUSA06014	EU	Tekken 7 - Metallic Costumes Pack	http://gs2.ww.prod.dl.playstation.net/gs2/acpkgo/prod/CUSA06014_00/26/f_840b0ee89b83ab2f89ab22f1ec35d2754976754f7ece0c2fa6305122ef667785/f/EP0700-CUSA06014_00-PS4TK7COSPACK001.json	MISSING	EP0700-CUSA06014_00-PS4TK7COSPACK001	2018-12-06 17:06:42	
CUSA06014	EU	Tekken 7 - Taiko no Tatsujin Pack	http://gs2.ww.prod.dl.playstation.net/gs2/acpkgo/prod/CUSA06014_00/25/f_53a2abba972caee8f8252971b786ca03284f4a27e53a99a87735f8eac1cd0258/f/EP0700-CUSA06014_00-PS4TK7TAIKOPACK1.json	MISSING	EP0700-CUSA06014_00-PS4TK7TAIKOPACK1	2018-12-06 17:06:42	
CUSA06014	EU	Tekken 7 - Eliza Character	http://gs2.ww.prod.dl.playstation.net/gs2/acpkgo/prod/CUSA06014_00/24/f_2ce5bdae9dab03241445e1dd6785f58e3c59c4a9fe1e27b4bf897abcb1674afa/f/EP0700-CUSA06014_00-PS4TK7CHARAPACK1.json	MISSING	EP0700-CUSA06014_00-PS4TK7CHARAPACK1	2018-12-06 17:06:42	
CUSA00540	EU	Tiny Troopers Joint Ops DLC: Zombie Compaign	http://gs2.ww.prod.dl.playstation.net/gs2/acpkgo/prod/CUSA00540_00/1/f_25af8ed4d4af4c2f43543bb73fb2184df446a07f6ece4c48c8bcd8de55372984/f/EP4382-CUSA00540_00-TTJODLC01ZOMBIES.json	MISSING	EP4382-CUSA00540_00-TTJODLC01ZOMBIES	2018-12-06 17:06:42	
CUSA06014	EU	Tekken 7 - DLC 1 - Tekken Bowling & various costumes	http://gs2.ww.prod.dl.playstation.net/gs2/acpkgo/prod/CUSA06014_00/37/f_b625bbaaac76a8b997948ee67b5e8d0f2fd4547178bfb23e6ab48856df6c3bf8/f/EP0700-CUSA06014_00-PS4TK7MODEPACK01.json	MISSING	EP0700-CUSA06014_00-PS4TK7MODEPACK01	2018-12-06 17:06:42	
CUSA06014	EU	Tekken7 - Character Panel Pack 2	http://gs2.ww.prod.dl.playstation.net/gs2/acpkgo/prod/CUSA06014_00/38/f_90f0eee8c287b6bdd302fdea9cb0868aae5e19317b4fa0159218b01e6a77bbf1/f/EP0700-CUSA06014_00-PS4TK7PANELPACK2.json	MISSING	EP0700-CUSA06014_00-PS4TK7PANELPACK2	2018-12-06 17:06:42	
CUSA00168	EU	Need for Speed™ Rivals Premium Livery Pack	http://gs2.ww.prod.dl.playstation.net/gs2/acpkgo/prod/CUSA00168_00/5/f_d1dbdc9e2aa92efd188c0c5c99e8375c0355d9591ed46655d5b8cb6fc95a437c/f/EP0006-CUSA00168_00-NFSLIVERYPREMIUM.json	MISSING	EP0006-CUSA00168_00-NFSLIVERYPREMIUM	2018-12-06 17:06:42	
CUSA00168	EU	Need for Speed™ Rivals Concept Lamborghini Complete Pack	http://gs2.ww.prod.dl.playstation.net/gs2/acpkgo/prod/CUSA00168_00/42/f_406fe2c136909540325ae66d9e61c0861517e1a8fb5cf99d73d7082c511514e1/f/EP0006-CUSA00168_00-NFSRCOMBOPACK003.json	MISSING	EP0006-CUSA00168_00-NFSRCOMBOPACK003	2018-12-06 17:06:42	
CUSA00168	EU	Need for Speed™ Complete Movie Pack	http://gs2.ww.prod.dl.playstation.net/gs2/acpkgo/prod/CUSA00168_00/50/f_24ada69612de65fecfb9a039e89b94d7fee1f481e1a401e09d23a0b3f53e4c2e/f/EP0006-CUSA00168_00-NFSRCOMBOPACK004.json	MISSING	EP0006-CUSA00168_00-NFSRCOMBOPACK004	2018-12-06 17:06:42	
CUSA00168	EU	Need for Speed™ Rivals Simply Jaguar Complete Pack	http://gs2.ww.prod.dl.playstation.net/gs2/acpkgo/prod/CUSA00168_00/40/f_224c64231e2324ab67f8d6036bbd9085dc50f3ba2b0daf4abf057cfa3d7dac8b/f/EP0006-CUSA00168_00-NFSRCOMBOPACK001.json	MISSING	EP0006-CUSA00168_00-NFSRCOMBOPACK001	2018-12-06 17:06:42	
CUSA00168	EU	Need for Speed™ Rivals Ferrari Edizioni Speciali Complete Pack	http://gs2.ww.prod.dl.playstation.net/gs2/acpkgo/prod/CUSA00168_00/41/f_c28283f97f75f1464550f6ba22f3f461b98a78d02d486f0330f3c53d8fc17c6e/f/EP0006-CUSA00168_00-NFSRCOMBOPACK002.json	MISSING	EP0006-CUSA00168_00-NFSRCOMBOPACK002	2018-12-06 17:06:42	
CUSA00168	EU	Need for Speed™ Rivals Koenigsegg Pack	http://gs2.ww.prod.dl.playstation.net/gs2/acpkgo/prod/CUSA00168_00/47/f_7090e34716a0012a58f2006d29f3220f505bca3abd13cb8794bea9cea8feda4f/f/EP0006-CUSA00168_00-NFSKOENIGSEGGPCK.json	MISSING	EP0006-CUSA00168_00-NFSKOENIGSEGGPCK	2018-12-06 17:06:42	
CUSA00168	EU	Need for Speed™ Rivals Track Day Livery	http://gs2.ww.prod.dl.playstation.net/gs2/acpkgo/prod/CUSA00168_00/4/f_cb0b3f56f21c76a47c2741df0338b5de864dc1b01ba6ff9470417460baf6ebd3/f/EP0006-CUSA00168_00-NFSLIVERYTRAKDAY.json	MISSING	EP0006-CUSA00168_00-NFSLIVERYTRAKDAY	2018-12-06 17:06:42	
CUSA00168	EU	Need for Speed™ Rivals Ultimate Cop Pack	http://gs2.ww.prod.dl.playstation.net/gs2/acpkgo/prod/CUSA00168_00/1/f_be3a41f87325972b1925a11608761bfe29cb432afe18b0c036049980ca5e319d/f/EP0006-CUSA00168_00-NFSRULTIMATECOP0.json	MISSING	EP0006-CUSA00168_00-NFSRULTIMATECOP0	2018-12-06 17:06:42	
CUSA00168	EU	Need for Speed™ Rivals VIP Matte Kit Livery	http://gs2.ww.prod.dl.playstation.net/gs2/acpkgo/prod/CUSA00168_00/12/f_f3756dc42231b438b01a4860f69c9a0ab38ca898ce4d934a3729f152eeb8e2c6/f/EP0006-CUSA00168_00-NFSLIVERYVPMATTE.json	MISSING	EP0006-CUSA00168_00-NFSLIVERYVPMATTE	2018-12-06 17:06:42	
CUSA00168	EU	Need for Speed™ Rivals Digital Revolution Livery	http://gs2.ww.prod.dl.playstation.net/gs2/acpkgo/prod/CUSA00168_00/11/f_5857eadcd106229571fe6f6f2fef2d17129911ecd43c322fe6c3d142704ba31a/f/EP0006-CUSA00168_00-NFSLIVERYDIGIREV.json	MISSING	EP0006-CUSA00168_00-NFSLIVERYDIGIREV	2018-12-06 17:06:42	
CUSA00168	EU	Need for Speed™ Rivals Classic Muscle Livery	http://gs2.ww.prod.dl.playstation.net/gs2/acpkgo/prod/CUSA00168_00/10/f_82fa5ad8b8fe213b9deb6b022e2280ac31e5f8ef07fbf2b86f769dceb2473d13/f/EP0006-CUSA00168_00-NFSRLIVERYMUSCOM.json	MISSING	EP0006-CUSA00168_00-NFSRLIVERYMUSCOM	2018-12-06 17:06:42	
CUSA06014	EU	Tekken7 - Geese Howard Character	http://gs2.ww.prod.dl.playstation.net/gs2/acpkgo/prod/CUSA06014_00/40/f_fcb0c6e7512c77f98ef9966ec0068ebcf30e522ab48543e622d4611faf5bc25d/f/EP0700-CUSA06014_00-PS4TK7CHARAPACK2.json	MISSING	EP0700-CUSA06014_00-PS4TK7CHARAPACK2	2018-12-06 17:06:42	
CUSA03617	EU	Family Kick-Back	http://gs2.ww.prod.dl.playstation.net/gs2/acpkgo/prod/CUSA03617_00/13/f_b18cf53e747f4776044d47fe8c655ebf8ea7de5605e6c12a2f52548e369558ab/f/EP1001-CUSA03617_00-WHISKEYPREORDERS.json	MISSING	EP1001-CUSA03617_00-WHISKEYPREORDERS	2018-12-06 17:06:42	
CUSA03842	EU	Not a Hero	http://gs2.ww.prod.dl.playstation.net/gs2/acpkgo/prod/CUSA03842_00/35/f_78f3a3c9ae82680f40f1b6cbe61089f2f3b6f00763edd53c629c65d385e60d7c/f/EP0102-CUSA03842_00-BH7EPISODEDLC020.json	MISSING	EP0102-CUSA03842_00-BH7EPISODEDLC020	2018-12-06 17:06:42	
CUSA03842	EU	End of Zoe	http://gs2.ww.prod.dl.playstation.net/gs2/acpkgo/prod/CUSA03842_00/34/f_59c4b715e65a571e8b0c86559fbfebba22b319f727812d0bbe665628cc0e907b/f/EP0102-CUSA03842_00-BH7EPISODEDLC030.json	MISSING	EP0102-CUSA03842_00-BH7EPISODEDLC030	2018-12-06 17:06:42	
CUSA03842	EU	「Banned Footage Vol.2」- "21"	http://gs2.ww.prod.dl.playstation.net/gs2/acpkgo/prod/CUSA03842_00/27/f_747514007d42686d3bcac158146e7848acc408b3b367c67e41473b1129dbd9b7/f/EP0102-CUSA03842_00-BH7EPISODEDLC012.json	MISSING	EP0102-CUSA03842_00-BH7EPISODEDLC012	2018-12-06 17:06:42	
CUSA03842	EU	「Banned Footage Vol.2」- "Daughters"	http://gs2.ww.prod.dl.playstation.net/gs2/acpkgo/prod/CUSA03842_00/28/f_a119da83e053f7505942a909352590b16ffdfca9fd18111849ac2f3c0f6e0e46/f/EP0102-CUSA03842_00-BH7EPISODEDLC014.json	MISSING	EP0102-CUSA03842_00-BH7EPISODEDLC014	2018-12-06 17:06:42	
CUSA03842	EU	「Banned Footage Vol.1」- "Bedroom"	http://gs2.ww.prod.dl.playstation.net/gs2/acpkgo/prod/CUSA03842_00/24/f_f92ec4511728b1697e1c82c80830520b0963eacc96041a73651e20640a5cf67e/f/EP0102-CUSA03842_00-BH7EPISODEDLC011.json	MISSING	EP0102-CUSA03842_00-BH7EPISODEDLC011	2018-12-06 17:06:42	
CUSA03842	EU	「Banned Footage Vol.1」- "Nightmare"	http://gs2.ww.prod.dl.playstation.net/gs2/acpkgo/prod/CUSA03842_00/22/f_387c4f91a6372bd0d42ca9f7bf955ca2160faf76ac5ca10b76d30e468a585543/f/EP0102-CUSA03842_00-BH7EPISODEDLC013.json	MISSING	EP0102-CUSA03842_00-BH7EPISODEDLC013	2018-12-06 17:06:42	
CUSA06014	EU	Tekken7 - Noctis Lucis Caelum Character	http://gs2.ww.prod.dl.playstation.net/gs2/acpkgo/prod/CUSA06014_00/42/f_c38e407a0de851dc9843275d3f427ccadad2d92884856a48253c1e6e076b27e3/f/EP0700-CUSA06014_00-PS4TK7CHARAPACK3.json	MISSING	EP0700-CUSA06014_00-PS4TK7CHARAPACK3	2018-12-06 17:06:42	
CUSA00853	EU	Call of Duty® Advanced Warfare - Advanced Arsenal	http://gs2.ww.prod.dl.playstation.net/gs2/acpkgo/prod/CUSA00853_00/9/f_47228042f586c05308fe6497d38e755a2d919eb182c99cc74b9e69aa366bfaaa/f/EP0002-CUSA00853_00-CODAW0000ARSENAL.json	MISSING	EP0002-CUSA00853_00-CODAW0000ARSENAL	2018-12-06 17:06:42	
CUSA00851	EU	Call of Duty® Advanced Warfare - Advanced Arsenal	http://gs2.ww.prod.dl.playstation.net/gs2/acpkgo/prod/CUSA00851_00/7/f_3d4c4f327c37bbacdc4e768f1318942cedd5d3821407c790d3d2c58072b25f02/f/EP0002-CUSA00851_00-CODAW0000ARSENAL.json	MISSING	EP0002-CUSA00851_00-CODAW0000ARSENAL	2018-12-06 17:06:42	
CUSA06926	EU	The Walking Dead: A New Frontier Episode 2	http://gs2.ww.prod.dl.playstation.net/gs2/acpkgo/prod/CUSA06926_00/6/f_86e11f566fd1e7c8e7fa3c4857ce34412f1a959de653cdc8745c8c485b74f20d/f/EP2026-CUSA06926_00-TWDS300000000EP2.json	MISSING	EP2026-CUSA06926_00-TWDS300000000EP2	2018-12-06 17:06:42	
CUSA06926	EU	The Walking Dead: A New Frontier Episode 3	http://gs2.ww.prod.dl.playstation.net/gs2/acpkgo/prod/CUSA06926_00/8/f_4ac28ec4c20ed2b2901516b6ba026189ea22dd7dccfb41c4a1152c0dc97fae7b/f/EP2026-CUSA06926_00-TWDS300000000EP3.json	MISSING	EP2026-CUSA06926_00-TWDS300000000EP3	2018-12-06 17:06:42	
CUSA06926	EU	The Walking Dead: A New Frontier Episode 4	http://gs2.ww.prod.dl.playstation.net/gs2/acpkgo/prod/CUSA06926_00/10/f_a83606b28c3ea554c30c4bddd2bedfb6f007405f0336b085974a6b7359a93e4a/f/EP2026-CUSA06926_00-TWDS300000000EP4.json	MISSING	EP2026-CUSA06926_00-TWDS300000000EP4	2018-12-06 17:06:42	
CUSA06926	EU	The Walking Dead: A New Frontier Episode 5	http://gs2.ww.prod.dl.playstation.net/gs2/acpkgo/prod/CUSA06926_00/12/f_fe016933b0c2177f7fbf6e85422046c4aa49be55347507c2c1addd9f9fca3c38/f/EP2026-CUSA06926_00-TWDS300000000EP5.json	MISSING	EP2026-CUSA06926_00-TWDS300000000EP5	2018-12-06 17:06:42	
CUSA04480	EU	amazarashi Head	http://gs2.ww.prod.dl.playstation.net/gs2/acpkgo/prod/CUSA04480_00/13/f_7504070400634b87d3836cc4b6ec5d38d7d545dd12cfe852bafa119119d37b94/f/EP0082-CUSA04480_00-AMAZARASHI201702.json	MISSING	EP0082-CUSA04480_00-AMAZARASHI201702	2018-12-06 17:06:42	
CUSA04480	EU	3C3C1D119440927	http://gs2.ww.prod.dl.playstation.net/gs2/acpkgo/prod/CUSA04480_00/14/f_b21ffebd5f8faa02789b9628b69f9214c0a416fd9d4971f7c57f1b0f4b18796a/f/EP0082-CUSA04480_00-N3C3C1D119440927.json	MISSING	EP0082-CUSA04480_00-N3C3C1D119440927	2018-12-06 17:06:42	
CUSA06014	EU	Tekken7 - Anna Williams Character	http://gs2.ww.prod.dl.playstation.net/gs2/acpkgo/prod/CUSA06014_00/44/f_c157e41210f6d6b8f8dba90cdc177ef3ca2ccc37dd86130470c01a1756276b81/f/EP0700-CUSA06014_00-PS4TK7CHARAPACK4.json	MISSING	EP0700-CUSA06014_00-PS4TK7CHARAPACK4	2018-12-06 17:06:42	
CUSA06014	EU	Tekken7 - Lei Wulong Character	http://gs2.ww.prod.dl.playstation.net/gs2/acpkgo/prod/CUSA06014_00/45/f_7f49952dd5fb8702fc3672089292aba30ba33ecd12b287b45877e7f6573637d5/f/EP0700-CUSA06014_00-PS4TK7CHARAPACK5.json	MISSING	EP0700-CUSA06014_00-PS4TK7CHARAPACK5	2018-12-06 17:06:42	
CUSA06014	EU	Tekken7 - Season Pass 2 Bonus Item Set	http://gs2.ww.prod.dl.playstation.net/gs2/acpkgo/prod/CUSA06014_00/48/f_905284857c911271cd5cb879d6799fad6aa8e6e62d0c889a0598d3587050256c/f/EP0700-CUSA06014_00-PS4TK7SP2BONUS01.json	MISSING	EP0700-CUSA06014_00-PS4TK7SP2BONUS01	2018-12-06 17:06:42	
CUSA02387	EU	Battlefield™ 1 Premium	http://gs2.ww.prod.dl.playstation.net/gs2/acpkgo/prod/CUSA02387_00/32/f_91a87f9c1d4d912431dea717a67aeedb109268f07ea9bd6e8145a3656a9f7242/f/EP0006-CUSA02387_00-PREMIUM000000000.json	MISSING	EP0006-CUSA02387_00-PREMIUM000000000	2018-12-06 17:06:42	
CUSA03464	EU	Add-On Costume: Famitsu Swimsuit	http://gs2.ww.prod.dl.playstation.net/gs2/acpkgo/prod/CUSA03464_00/19/f_7dff4a45d53d430ee29ad3d8298efdf81a3083a9009d0647f08c0da995efddfc/f/EP4492-CUSA03464_00-CU0003GABASU0000.json	MISSING	EP4492-CUSA03464_00-CU0003GABASU0000	2018-12-06 17:06:42	
CUSA06995	EU	Valkyria Revolution DLC Special Issue Gear: Veteran Pouch+	http://gs2.ww.prod.dl.playstation.net/gs2/acpkgo/prod/CUSA06995_00/17/f_061ea1be7a81d53cac44f06cedd3399eac5d31498c181d6f331dc0b43e7fb550/f/EP4062-CUSA06995_00-ARVALKYRIEDL0101.json	MISSING	EP4062-CUSA06995_00-ARVALKYRIEDL0101	2018-12-06 17:06:42	
CUSA06995	EU	Valkyria Revolution DLC The Ring of Contract	http://gs2.ww.prod.dl.playstation.net/gs2/acpkgo/prod/CUSA06995_00/16/f_1b565e27a0d2511985d7a6967336c623b668ce05e73b7bd35b0db5dd6c8cf50e/f/EP4062-CUSA06995_00-ARVALKYRIEDL0011.json	MISSING	EP4062-CUSA06995_00-ARVALKYRIEDL0011	2018-12-06 17:06:42	
CUSA06995	EU	Valkyria Revolution DLC The Formation of Vanargand	http://gs2.ww.prod.dl.playstation.net/gs2/acpkgo/prod/CUSA06995_00/3/f_39c196044580a06cf7ef05e434af3216c26e440d65e4604d592e0b2b7e2d1408/f/EP4062-CUSA06995_00-ARVALKYRIEDL0003.json	MISSING	EP4062-CUSA06995_00-ARVALKYRIEDL0003	2018-12-06 17:06:42	
CUSA06995	EU	Valkyria Revolution DLC Name of the Augmented Warrior	http://gs2.ww.prod.dl.playstation.net/gs2/acpkgo/prod/CUSA06995_00/9/f_7b42d7e3c813f51058e2eeb7a825d5ab51892ea6fc21df9a06ac2e2dea28d8d8/f/EP4062-CUSA06995_00-ARVALKYRIEDL0007.json	MISSING	EP4062-CUSA06995_00-ARVALKYRIEDL0007	2018-12-06 17:06:42	
CUSA06995	EU	Valkyria Revolution DLC Standing Before a Dying Wish	http://gs2.ww.prod.dl.playstation.net/gs2/acpkgo/prod/CUSA06995_00/22/f_4cf9c788da539eeb0b4ae0450ffe738a8810487bc376247dfdb8ad214df664ce/f/EP4062-CUSA06995_00-ARVALKYRIEDL0013.json	MISSING	EP4062-CUSA06995_00-ARVALKYRIEDL0013	2018-12-06 17:06:42	
CUSA06995	EU	Valkyria Revolution DLC The Road to That House	http://gs2.ww.prod.dl.playstation.net/gs2/acpkgo/prod/CUSA06995_00/25/f_3d1fb4428edc12a27267f9d285cf0c3d9f3492fbd84b9b45e1c1b9e8819be1d8/f/EP4062-CUSA06995_00-ARVALKYRIEDL0014.json	MISSING	EP4062-CUSA06995_00-ARVALKYRIEDL0014	2018-12-06 17:06:42	
CUSA06995	EU	Valkyria Revolution DLC Hunger Pangs and Royal Pains	http://gs2.ww.prod.dl.playstation.net/gs2/acpkgo/prod/CUSA06995_00/11/f_f751a7c98714ca430f65713dbf39403911bbd658879c19644e2d1452c5a188b0/f/EP4062-CUSA06995_00-ARVALKYRIEDL0005.json	MISSING	EP4062-CUSA06995_00-ARVALKYRIEDL0005	2018-12-06 17:06:42	
CUSA06995	EU	Valkyria Revolution DLC The Soloist of the Battlefield	http://gs2.ww.prod.dl.playstation.net/gs2/acpkgo/prod/CUSA06995_00/7/f_a086f978342d0e10065e4d19cc548e70f389fb6d0bfcd87881ad5a4fd174da90/f/EP4062-CUSA06995_00-ARVALKYRIEDL0008.json	MISSING	EP4062-CUSA06995_00-ARVALKYRIEDL0008	2018-12-06 17:06:42	
CUSA06995	EU	Valkyria Revolution DLC Study of Flowers	http://gs2.ww.prod.dl.playstation.net/gs2/acpkgo/prod/CUSA06995_00/26/f_ede22bd3b881aa282320a49452da2c8e2984e1767c7b4284b4298f4c5cdf712e/f/EP4062-CUSA06995_00-ARVALKYRIEDL0012.json	MISSING	EP4062-CUSA06995_00-ARVALKYRIEDL0012	2018-12-06 17:06:42	
CUSA06995	EU	Valkyria Revolution DLC As Luck Would Have It	http://gs2.ww.prod.dl.playstation.net/gs2/acpkgo/prod/CUSA06995_00/6/f_0f89cc5736fcf1ae3b816cb5a8c3e1932ac33d211fc5ad78de4f57d0435756ae/f/EP4062-CUSA06995_00-ARVALKYRIEDL0009.json	MISSING	EP4062-CUSA06995_00-ARVALKYRIEDL0009	2018-12-06 17:06:42	
CUSA06995	EU	Valkyria Revolution DLC The Traitors' Daily Lives	http://gs2.ww.prod.dl.playstation.net/gs2/acpkgo/prod/CUSA06995_00/4/f_6fa11079757cdbafcd715e75e1f7820202c90d5aedd3ceb94b757d85e6e35b13/f/EP4062-CUSA06995_00-ARVALKYRIEDL0002.json	MISSING	EP4062-CUSA06995_00-ARVALKYRIEDL0002	2018-12-06 17:06:42	
CUSA06995	EU	Valkyria Revolution DLC Can't Stop Falling in Love	http://gs2.ww.prod.dl.playstation.net/gs2/acpkgo/prod/CUSA06995_00/2/f_74296b61983186c80f416508b9ff26a4a432d4c5f758267fc66b97a2e75c450f/f/EP4062-CUSA06995_00-ARVALKYRIEDL0001.json	MISSING	EP4062-CUSA06995_00-ARVALKYRIEDL0001	2018-12-06 17:06:42	
CUSA06995	EU	Valkyria Revolution DLC The Orphans' Dreams	http://gs2.ww.prod.dl.playstation.net/gs2/acpkgo/prod/CUSA06995_00/10/f_13874fe980dd93119935853028b32f2f6b84902f9242c60e7651efc2f9405e04/f/EP4062-CUSA06995_00-ARVALKYRIEDL0010.json	MISSING	EP4062-CUSA06995_00-ARVALKYRIEDL0010	2018-12-06 17:06:42	
CUSA06995	EU	Valkyria Revolution DLC Burn Field+	http://gs2.ww.prod.dl.playstation.net/gs2/acpkgo/prod/CUSA06995_00/21/f_010cd400d1e0670b6eed6521d5f56213351608432be68cacbb917dd684e9440e/f/EP4062-CUSA06995_00-ARVALKYRIEDL0311.json	MISSING	EP4062-CUSA06995_00-ARVALKYRIEDL0311	2018-12-06 17:06:42	
CUSA06995	EU	Valkyria Revolution DLC Spinning Squall+	http://gs2.ww.prod.dl.playstation.net/gs2/acpkgo/prod/CUSA06995_00/14/f_59334cb03f50757e54f4bb3a2a4ef5bbc66a749df3872792aba075aae343734c/f/EP4062-CUSA06995_00-ARVALKYRIEDL0310.json	MISSING	EP4062-CUSA06995_00-ARVALKYRIEDL0310	2018-12-06 17:06:42	
CUSA06995	EU	Valkyria Revolution DLC Shine Calibur+	http://gs2.ww.prod.dl.playstation.net/gs2/acpkgo/prod/CUSA06995_00/24/f_55a7cb4dd85e41f7ab33012793ff788e367be5f55972ab8bf08ea26979deb597/f/EP4062-CUSA06995_00-ARVALKYRIEDL0309.json	MISSING	EP4062-CUSA06995_00-ARVALKYRIEDL0309	2018-12-06 17:06:42	
CUSA06995	EU	Valkyria Revolution DLC Jumping Wind+	http://gs2.ww.prod.dl.playstation.net/gs2/acpkgo/prod/CUSA06995_00/27/f_06efa26924192db33d551959db6f5ca0f803b4c0e4055055800acad282b5342e/f/EP4062-CUSA06995_00-ARVALKYRIEDL0308.json	MISSING	EP4062-CUSA06995_00-ARVALKYRIEDL0308	2018-12-06 17:06:42	
CUSA06995	EU	Valkyria Revolution DLC Rush Bolt+	http://gs2.ww.prod.dl.playstation.net/gs2/acpkgo/prod/CUSA06995_00/29/f_5245e8b9afa7dd51b073130715e75128f1341c548fe2aa0097cf78ca5d4a37ae/f/EP4062-CUSA06995_00-ARVALKYRIEDL0307.json	MISSING	EP4062-CUSA06995_00-ARVALKYRIEDL0307	2018-12-06 17:06:42	
CUSA06995	EU	Valkyria Revolution DLC Ring Squall+	http://gs2.ww.prod.dl.playstation.net/gs2/acpkgo/prod/CUSA06995_00/19/f_e599408854eab593f7c70285f7a4cc4c7eb0596ea0415aaaf9712aa9623a5e4f/f/EP4062-CUSA06995_00-ARVALKYRIEDL0306.json	MISSING	EP4062-CUSA06995_00-ARVALKYRIEDL0306	2018-12-06 17:06:42	
CUSA06995	EU	Valkyria Revolution DLC Lamentations of Men	http://gs2.ww.prod.dl.playstation.net/gs2/acpkgo/prod/CUSA06995_00/5/f_5cf80d242de6cb30063d0b8eb94591563829979bc406a549d6d4d39d13721715/f/EP4062-CUSA06995_00-ARVALKYRIEDL0006.json	MISSING	EP4062-CUSA06995_00-ARVALKYRIEDL0006	2018-12-06 17:06:42	
CUSA06995	EU	Valkyria Revolution DLC A Day in the Life of the Wolves	http://gs2.ww.prod.dl.playstation.net/gs2/acpkgo/prod/CUSA06995_00/8/f_27e73b3d9a4379f205e99980b6900422141ac81bd775498eb5d7d2ce44ec0cd1/f/EP4062-CUSA06995_00-ARVALKYRIEDL0004.json	MISSING	EP4062-CUSA06995_00-ARVALKYRIEDL0004	2018-12-06 17:06:42	
CUSA06995	EU	Valkyria Revolution DLC Gravity 10+	http://gs2.ww.prod.dl.playstation.net/gs2/acpkgo/prod/CUSA06995_00/28/f_10811a11a68cc376657328da4a80c05d6a9999e3dc1bd1933b2f2ff4138c80dc/f/EP4062-CUSA06995_00-ARVALKYRIEDL0304.json	MISSING	EP4062-CUSA06995_00-ARVALKYRIEDL0304	2018-12-06 17:06:42	
CUSA06995	EU	Valkyria Revolution DLC Smash Blaze+	http://gs2.ww.prod.dl.playstation.net/gs2/acpkgo/prod/CUSA06995_00/20/f_838840742131c4ea665960f505b13fe1fedd7be2d48c1d9621ef79b02edef021/f/EP4062-CUSA06995_00-ARVALKYRIEDL0302.json	MISSING	EP4062-CUSA06995_00-ARVALKYRIEDL0302	2018-12-06 17:06:42	
CUSA06995	EU	Valkyria Revolution DLC Ragnite Shard (C)	http://gs2.ww.prod.dl.playstation.net/gs2/acpkgo/prod/CUSA06995_00/23/f_bb33799f2ce5946421018b07b2303f9c76c557cac9a048288845e2833744ba68/f/EP4062-CUSA06995_00-ARVALKYRIEDL0203.json	MISSING	EP4062-CUSA06995_00-ARVALKYRIEDL0203	2018-12-06 17:06:42	
CUSA06014	EU	Tekken7 - Armor King Character	http://gs2.ww.prod.dl.playstation.net/gs2/acpkgo/prod/CUSA06014_00/52/f_a122d899141c87f55f14365aa7756f3c4628d97648433e306963f0786d7fae45/f/EP0700-CUSA06014_00-PS4TK7CHARAPACK7.json	MISSING	EP0700-CUSA06014_00-PS4TK7CHARAPACK7	2018-12-06 17:06:42	
CUSA06014	EU	Tekken7 - Craig Marduk Character	http://gs2.ww.prod.dl.playstation.net/gs2/acpkgo/prod/CUSA06014_00/53/f_14ffdb262d589c082a821f519d6a3c7188e91d78bcc64acdf865043bc837d990/f/EP0700-CUSA06014_00-PS4TK7CHARAPACK6.json	MISSING	EP0700-CUSA06014_00-PS4TK7CHARAPACK6	2018-12-06 17:06:42	
CUSA00605	EU	Assassin’s Creed® Unity "De Chemische Revolutie"-missie	http://gs2.ww.prod.dl.playstation.net/gs2/acpkgo/prod/CUSA00605_00/100/f_2bd8b1eaaebe1e0bf311e6dfa7034ff9cd492a165a26b83a2bfe6846367fdf19/f/EP0001-CUSA00605_00-ULCGAMEPLAY00001.json	MISSING	EP0001-CUSA00605_00-ULCGAMEPLAY00001	2018-12-07 12:19:49	
CUSA00605	EU	Assassin’s Creed® Unity Revolutionaire wapens-pakket	http://gs2.ww.prod.dl.playstation.net/gs2/acpkgo/prod/CUSA00605_00/126/f_b60a9377c1c0da27c62e861ab3461f6e700521481b417973c18bb95d6e79a2a2/f/EP0001-CUSA00605_00-DLCWEAPONPACK000.json	MISSING	EP0001-CUSA00605_00-DLCWEAPONPACK000	2018-12-07 12:19:49	
CUSA00605	EU	Assassin’s Creed® Unity De Fleur-de-Lys	http://gs2.ww.prod.dl.playstation.net/gs2/acpkgo/prod/CUSA00605_00/109/f_8013bfe79ff9721aef84cba2588c67af3a11e03753aaa10c84ede285b6a13e75/f/EP0001-CUSA00605_00-ULCWEAPON0000015.json	MISSING	EP0001-CUSA00605_00-ULCWEAPON0000015	2018-12-07 12:19:49	
CUSA00411	EU	GTA V: Pre-order Cash Bonus	http://gs2.ww.prod.dl.playstation.net/gs2/acpkgo/prod/CUSA00411_00/14/f_f6ddce525cf8a0f49693e0a3518a3c1d438060f028a39ca579e0fcad9da34d14/f/EP1004-CUSA00411_00-GTAPREORDERBONUS.json	MISSING	EP1004-CUSA00411_00-GTAPREORDERBONUS	2018-12-07 12:19:49	
CUSA00462	EU	Far Cry® 4 Hurk's Return	http://gs2.ww.prod.dl.playstation.net/gs2/acpkgo/prod/CUSA00462_00/9/f_0ded1b3a75e8ea9e811c3771f3259cd353818bf01de30fdbd15a35f75c753db3/f/EP0001-CUSA00462_00-HURKSRETURN00000.json	MISSING	EP0001-CUSA00462_00-HURKSRETURN00000	2018-12-07 12:19:49	
CUSA00050	EU	Cuisine & Cargo	http://gs2.ww.prod.dl.playstation.net/gs2/acpkgo/prod/CUSA00050_00/21/f_49cd8bbd536708d0f82b27243cf881cf891b3e68e025cfb256155543e5f9c134/f/EP1018-CUSA00050_00-CUISINEANDCARGO0.json	MISSING	EP1018-CUSA00050_00-CUISINEANDCARGO0	2018-12-07 12:19:49	
CUSA00605	EU	Assassin’s Creed® Unity Geheimen van de revolutie	http://gs2.ww.prod.dl.playstation.net/gs2/acpkgo/prod/CUSA00605_00/125/f_2f3347074b3c14f21af2a8948c43872eb22f1ce366621db8ddd89d21910361ad/f/EP0001-CUSA00605_00-DLCULCPACK000001.json	MISSING	EP0001-CUSA00605_00-DLCULCPACK000001	2018-12-07 12:19:49	
CUSA00485	EU	PVZ GARDEN WARFARE SHAREfactory™ Theme	http://gs2.ww.prod.dl.playstation.net/gs2/acpkgo/prod/CUSA00485_00/27/f_832ccac56fe0ca472cea22e36acc4fa17c8086ae27175ccd931a51084a2d8a46/f/EP0006-CUSA00485_00-SFTHEME000000001.json	MISSING	EP0006-CUSA00485_00-SFTHEME000000001	2018-12-07 12:19:49	
CUSA00049	EU	Night Operations	http://gs2.ww.prod.dl.playstation.net/gs2/acpkgo/prod/CUSA00049_00/63/f_e1b5036911104b7b9358fa9598a32406a6354669e49e7693d2c39b7e2be6953c/f/EP0006-CUSA00049_00-XPACK05000000000.json	MISSING	EP0006-CUSA00049_00-XPACK05000000000	2018-12-07 12:19:49	
CUSA02624	EU	Call of Duty®: Black Ops III - Eclipse DLC	http://gs2.ww.prod.dl.playstation.net/gs2/acpkgo/prod/CUSA02624_00/22/f_67e09a3ddb28a13e5ed5b060e3d0ded97cf6082b8b164feb0807f50990b55908/f/EP0002-CUSA02624_00-BLACKOPS3MAPPAK2.json	MISSING	EP0002-CUSA02624_00-BLACKOPS3MAPPAK2	2018-12-07 12:19:49	
CUSA02624	EU	Call of Duty®: Black Ops III - Descent DLC	http://gs2.ww.prod.dl.playstation.net/gs2/acpkgo/prod/CUSA02624_00/28/f_51db4ed3fb1cdd09da71b75b1891513ca5ea69607c80d9e5b673d2d8d8f3f716/f/EP0002-CUSA02624_00-BLACKOPS3MAPPAK3.json	MISSING	EP0002-CUSA02624_00-BLACKOPS3MAPPAK3	2018-12-07 12:19:49	
CUSA02624	EU	Call of Duty®: Black Ops III: Salvation	http://gs2.ww.prod.dl.playstation.net/gs2/acpkgo/prod/CUSA02624_00/32/f_979cbc4b9189f9a390422f8d2224b1d33a57c88a182b4b3fbe9c14472afc70a2/f/EP0002-CUSA02624_00-BLACKOPS3MAPPAK4.json	MISSING	EP0002-CUSA02624_00-BLACKOPS3MAPPAK4	2018-12-07 12:19:49	
CUSA02393	EU	Hyper Void VR Levels	http://gs2.ww.prod.dl.playstation.net/gs2/acpkgo/prod/CUSA02393_00/3/f_09e05bb9256e04283197641cd5c2b573d414082424d7670a0ee51e9ecdfbd993/f/EP8900-CUSA02393_00-VRLEVELSDLC00001.json	MISSING	EP8900-CUSA02393_00-VRLEVELSDLC00001	2018-12-07 12:19:49	
CUSA02624	EU	Call of Duty®: Black Ops III: Zombies Chronicles	http://gs2.ww.prod.dl.playstation.net/gs2/acpkgo/prod/CUSA02624_00/34/f_f5ea9e4490dc851595dcb21894e1cacae2cb161ae6f0d8fcfe805a66583fcad9/f/EP0002-CUSA02624_00-CODBO3ZOMBIESHD1.json	MISSING	EP0002-CUSA02624_00-CODBO3ZOMBIESHD1	2018-12-07 12:19:49	
CUSA08630	EU	The Resistance DLC	http://gs2.ww.prod.dl.playstation.net/gs2/acpkgo/prod/CUSA08630_00/7/f_f767a83b126a2fd974575a02354baa29c346c092fecd8fd453c32a9402792675/f/EP0002-CUSA08630_00-CODWWIIMAPPACK01.json	MISSING	EP0002-CUSA08630_00-CODWWIIMAPPACK01	2018-12-07 12:19:49	
CUSA01435	EU	Life Is Strange™ - Episode 3	http://gs2.ww.prod.dl.playstation.net/gs2/acpkgo/prod/CUSA01435_00/34/f_04395f8a02694bee58b3b7c69d178a16d03d5b7e70b4dfa3ed03a614276cf512/f/EP0082-CUSA01435_00-LFSTRNGEPISODE03.json	MISSING	EP0082-CUSA01435_00-LFSTRNGEPISODE03	2018-12-07 12:19:49	
CUSA01435	EU	Life Is Strange™ - Episode 2	http://gs2.ww.prod.dl.playstation.net/gs2/acpkgo/prod/CUSA01435_00/35/f_5bdee7f9d0836032e1b072c2955bf109aef15e214139ca28457817f2739a3743/f/EP0082-CUSA01435_00-LFSTRNGEPISODE02.json	MISSING	EP0082-CUSA01435_00-LFSTRNGEPISODE02	2018-12-07 12:19:49	
CUSA01435	EU	Life Is Strange™ - Episode 5	http://gs2.ww.prod.dl.playstation.net/gs2/acpkgo/prod/CUSA01435_00/36/f_33ad2685b73db89a18360c39b59617dbf2204d08808fa3cbafe0d5dd1caf51c8/f/EP0082-CUSA01435_00-LFSTRNGEPISODE05.json	MISSING	EP0082-CUSA01435_00-LFSTRNGEPISODE05	2018-12-07 12:19:49	
CUSA01435	EU	Life Is Strange™ - Episode 4	http://gs2.ww.prod.dl.playstation.net/gs2/acpkgo/prod/CUSA01435_00/33/f_fb35805b7326f9583be7a99168f58b80c48a363056b80465fde6f134d40970f2/f/EP0082-CUSA01435_00-LFSTRNGEPISODE04.json	MISSING	EP0082-CUSA01435_00-LFSTRNGEPISODE04	2018-12-07 12:19:49	
CUSA05603	EU	Batman The Telltale Series: Episode 3	http://gs2.ww.prod.dl.playstation.net/gs2/acpkgo/prod/CUSA05603_00/15/f_1b73930f03549ec66ace8de118297c10436ca5ad0f31ed338e20f4bc94842888/f/EP2026-CUSA05603_00-BATM000000000EP3.json	MISSING	EP2026-CUSA05603_00-BATM000000000EP3	2018-12-07 12:19:49	
CUSA05603	EU	Batman The Telltale Series: Episode 4	http://gs2.ww.prod.dl.playstation.net/gs2/acpkgo/prod/CUSA05603_00/16/f_4c85a25c56ca5755b5f2b84dc059d787e01929f977ddf6867cc80cc349a4e22b/f/EP2026-CUSA05603_00-BATM000000000EP4.json	MISSING	EP2026-CUSA05603_00-BATM000000000EP4	2018-12-07 12:19:49	
CUSA05603	EU	Batman	http://gs2.ww.prod.dl.playstation.net/gs2/acpkgo/prod/CUSA05603_00/13/f_e2218b4a3f004050d72e31cf4a4ff61e12e835b2d27fdfb5b301548ba567982a/f/EP2026-CUSA05603_00-BATM000000000EP2.json	MISSING	EP2026-CUSA05603_00-BATM000000000EP2	2018-12-07 12:19:49	
CUSA05603	EU	Batman The Telltale Series: Episode 5	http://gs2.ww.prod.dl.playstation.net/gs2/acpkgo/prod/CUSA05603_00/18/f_b4e31a6f7399466e60e6d5241c8da295602d45ebcc34eb9285ce930b4bf954f9/f/EP2026-CUSA05603_00-BATM000000000EP5.json	MISSING	EP2026-CUSA05603_00-BATM000000000EP5	2018-12-07 12:19:49	
CUSA00860	EU	Tales from the Borderlands: Episode Four	http://gs2.ww.prod.dl.playstation.net/gs2/acpkgo/prod/CUSA00860_00/14/f_578bdcbf6f7c5c04fc89fc6840ad697d9647820c04fc92b23ec7ee053cd93f00/f/EP2026-CUSA00860_00-TFTBL0000000DLC4.json	MISSING	EP2026-CUSA00860_00-TFTBL0000000DLC4	2018-12-07 12:19:49	
CUSA00860	EU	Tales from the Borderlands: Episode Three	http://gs2.ww.prod.dl.playstation.net/gs2/acpkgo/prod/CUSA00860_00/12/f_4773328914a1f1504a2592a9c1ebb1487e543ad6eb37279bf9dd052975ea7dae/f/EP2026-CUSA00860_00-TFTBL0000000DLC3.json	MISSING	EP2026-CUSA00860_00-TFTBL0000000DLC3	2018-12-07 12:19:49	
CUSA00860	EU	Tales from the Borderlands: Episode Five	http://gs2.ww.prod.dl.playstation.net/gs2/acpkgo/prod/CUSA00860_00/15/f_70161b34ecff875e9f47cb82053c7061c909333d79df3e953ef9b39308e06ccd/f/EP2026-CUSA00860_00-TFTBL0000000DLC5.json	MISSING	EP2026-CUSA00860_00-TFTBL0000000DLC5	2018-12-07 12:19:49	
CUSA00860	EU	Tales from the Borderlands: Episode Two	http://gs2.ww.prod.dl.playstation.net/gs2/acpkgo/prod/CUSA00860_00/9/f_31f19fca5e812a2e1821de9226387cbf4f66e199c2c28e5135337ecaa1bc70ca/f/EP2026-CUSA00860_00-TFTBL0000000DLC2.json	MISSING	EP2026-CUSA00860_00-TFTBL0000000DLC2	2018-12-07 12:19:49	
CUSA01427	EU	Game of Thrones: Episode Three	http://gs2.ww.prod.dl.playstation.net/gs2/acpkgo/prod/CUSA01427_00/32/f_d6c2e23971537ddb8f08a2294388194b770ff2da044742d2f1e8c0e7ea6a60af/f/EP2026-CUSA01427_00-GOT000000000DLC3.json	MISSING	EP2026-CUSA01427_00-GOT000000000DLC3	2018-12-07 12:19:49	
CUSA01427	EU	Game of Thrones: Episode Four	http://gs2.ww.prod.dl.playstation.net/gs2/acpkgo/prod/CUSA01427_00/35/f_2ba7ae6f042cdaecaf62e47f6edede9afc0e466322d392e481b3df71e4f9fe75/f/EP2026-CUSA01427_00-GOT000000000DLC4.json	MISSING	EP2026-CUSA01427_00-GOT000000000DLC4	2018-12-07 12:19:49	
CUSA01427	EU	Game of Thrones: Episode Two	http://gs2.ww.prod.dl.playstation.net/gs2/acpkgo/prod/CUSA01427_00/28/f_73d7838d09021bd4a9a86a16cbd81355e527aab28dd42c0c831e05c061a434eb/f/EP2026-CUSA01427_00-GOT000000000DLC2.json	MISSING	EP2026-CUSA01427_00-GOT000000000DLC2	2018-12-07 12:19:49	
CUSA01427	EU	Game of Thrones: Episode Five	http://gs2.ww.prod.dl.playstation.net/gs2/acpkgo/prod/CUSA01427_00/37/f_cdb64e32ca15845ab38ee68d6416682651c0472bbeab6f87a0e6dafcce095be0/f/EP2026-CUSA01427_00-GOT000000000DLC5.json	MISSING	EP2026-CUSA01427_00-GOT000000000DLC5	2018-12-07 12:19:49	
CUSA01427	EU	Game of Thrones: Episode Six	http://gs2.ww.prod.dl.playstation.net/gs2/acpkgo/prod/CUSA01427_00/40/f_3657efd78e325eb8a81c42947e2246e5068ec2cb80eb93bef3b3e438c8996904/f/EP2026-CUSA01427_00-GOT000000000DLC6.json	MISSING	EP2026-CUSA01427_00-GOT000000000DLC6	2018-12-07 12:19:49	
CUSA12443	EU	Call of Duty®: Black Ops 4 - Classified	http://gs2.ww.prod.dl.playstation.net/gs2/acpkgo/prod/CUSA12443_00/5/f_d5f6ba2ba28cb6cbdbc3a6cc890e30be4af62c86281213f21793a7e29a8abc05/f/EP0002-CUSA12443_00-CODBO4ZMBMAP0000.json	MISSING	EP0002-CUSA12443_00-CODBO4ZMBMAP0000	2018-12-07 12:19:49	
CUSA08519	EU	Red Dead Redemption 2:  Pre-Order Bonuses	http://gs2.ww.prod.dl.playstation.net/gs2/acpkgo/prod/CUSA08519_00/5/f_3f273e7352e4c57851403f8a169ee6ccfb0704a26a1f6ad7fd4d40238a3a6a28/f/EP1004-CUSA08519_00-RDR2CONTENTPHYS0.json	MISSING	EP1004-CUSA08519_00-RDR2CONTENTPHYS0	2018-12-07 12:19:49	
CUSA04915	US	Pinball FX3 - Balls of Glory Pinball Demo	http://gs2.ww.prod.dl.playstation.net/gs2/acpkgo/prod/CUSA04915_00/63/f_7801fe1449f2c8b2804eb54725d37b2d6956e5932f651e5a0b1014c92f4b8124/f/UP4042-CUSA04915_00-PINBALLFX3BOG000.json	MISSING	UP4042-CUSA04915_00-PINBALLFX3BOG000	2018-12-17 12:36:08	
CUSA00187	US	Zen Pinball 2 - Street Fighter II (Unlock)	http://gs2.ww.prod.dl.playstation.net/gs2/acpkgo/prod/CUSA00187_00/49/f_a78340f9066069450fb94d1edb72dfde67be2b1cb81abf832066149c017aa94b/f/UP4042-CUSA00187_00-ZP2PS4STREET000K.json	MISSING	UP4042-CUSA00187_00-ZP2PS4STREET000K	2018-12-17 12:36:08	
CUSA00187	US	Zen Pinball 2 - Street Fighter II (Trial)	http://gs2.ww.prod.dl.playstation.net/gs2/acpkgo/prod/CUSA00187_00/51/f_b4e8f2024ab9e18db810b8d8641b69a424506d32e8c4896cd2d6ed923225f8e2/f/UP4042-CUSA00187_00-ZP2PS4STREET0000.json	MISSING	UP4042-CUSA00187_00-ZP2PS4STREET0000	2018-12-17 12:36:08	
CUSA00187	US	Zen Pinball 2 - Earth Defense (Unlock)	http://gs2.ww.prod.dl.playstation.net/gs2/acpkgo/prod/CUSA00187_00/16/f_f783516fe9651675f09a2e444f45a77fc186efa55675d898136fef2a05f294c5/f/UP4042-CUSA00187_00-ZP2PS4ED0000000K.json	MISSING	UP4042-CUSA00187_00-ZP2PS4ED0000000K	2018-12-17 12:36:08	
CUSA00187	US	Zen Pinball 2 - Earth Defense (Trial)	http://gs2.ww.prod.dl.playstation.net/gs2/acpkgo/prod/CUSA00187_00/18/f_4e2961d7b8f0ec914100414941eab788cb74d1d2e115772a5e4ac9226e1223f3/f/UP4042-CUSA00187_00-ZP2PS4ED00000000.json	MISSING	UP4042-CUSA00187_00-ZP2PS4ED00000000	2018-12-17 12:36:08	
CUSA00187	US	Zen Pinball 2 - Zen Classics (Trial)	http://gs2.ww.prod.dl.playstation.net/gs2/acpkgo/prod/CUSA00187_00/50/f_c649ee2a5192a1463a23df245e1d766dd3630f3fc6c147410e5d2ada9afc7321/f/UP4042-CUSA00187_00-ZP2PS4ZCLASS0000.json	MISSING	UP4042-CUSA00187_00-ZP2PS4ZCLASS0000	2018-12-17 12:36:08	
CUSA00187	US	Zen Pinball 2 - Zen Classics (Unlock)	http://gs2.ww.prod.dl.playstation.net/gs2/acpkgo/prod/CUSA00187_00/46/f_4cca29402f96a769ca573b76ad08cb267190f2b9d482aa3d08e40e67f6195837/f/UP4042-CUSA00187_00-ZP2PS4ZCLASS000K.json	MISSING	UP4042-CUSA00187_00-ZP2PS4ZCLASS000K	2018-12-17 12:36:08	
CUSA00187	US	Zen Pinball 2 - Excalibur (Unlock)	http://gs2.ww.prod.dl.playstation.net/gs2/acpkgo/prod/CUSA00187_00/48/f_75da39feccb817dcba1edb67f61fd7389e85fbca8f5e43cb0691ade676d7352d/f/UP4042-CUSA00187_00-ZP2PS4EXC000000K.json	MISSING	UP4042-CUSA00187_00-ZP2PS4EXC000000K	2018-12-17 12:36:08	
CUSA00187	US	Zen Pinball 2 - Excalibur (Trial)	http://gs2.ww.prod.dl.playstation.net/gs2/acpkgo/prod/CUSA00187_00/56/f_c7627a6f4dcd50af6be6136bf8da2e841c18f9c9dd64b64e986043129c307d5e/f/UP4042-CUSA00187_00-ZP2PS4EXC0000000.json	MISSING	UP4042-CUSA00187_00-ZP2PS4EXC0000000	2018-12-17 12:36:08	
CUSA00187	US	Zen Pinball 2 - Mars (Unlock)	http://gs2.ww.prod.dl.playstation.net/gs2/acpkgo/prod/CUSA00187_00/53/f_6e6f211871860604d1360846b183cd0e43017599b6544dc2848d9cbfeb83b46b/f/UP4042-CUSA00187_00-ZP2PS4MARS00000K.json	MISSING	UP4042-CUSA00187_00-ZP2PS4MARS00000K	2018-12-17 12:36:08	
CUSA00187	US	Zen Pinball 2 - Mars (Trial)	http://gs2.ww.prod.dl.playstation.net/gs2/acpkgo/prod/CUSA00187_00/55/f_7c276a0bd92a40308cbf3a8995bc6befbd798ab969835c83e40be9e120444bdd/f/UP4042-CUSA00187_00-ZP2PS4MARS000000.json	MISSING	UP4042-CUSA00187_00-ZP2PS4MARS000000	2018-12-17 12:36:08	
CUSA00187	US	Zen Pinball 2 - Paranormal (Unlock)	http://gs2.ww.prod.dl.playstation.net/gs2/acpkgo/prod/CUSA00187_00/10/f_fa9632b6daff0d539ca7e89c23718732ee37574d9c560909d3ecec965f20af4c/f/UP4042-CUSA00187_00-ZP2PS4SPAR00000K.json	MISSING	UP4042-CUSA00187_00-ZP2PS4SPAR00000K	2018-12-17 12:36:08	
CUSA00187	US	Zen Pinball 2 - Paranormal (Trial)	http://gs2.ww.prod.dl.playstation.net/gs2/acpkgo/prod/CUSA00187_00/9/f_db76c5e80b9643ec0dbf06d76bba87b97cd8a96c36c52fab7810a7fa94803bd8/f/UP4042-CUSA00187_00-ZP2PS4SPAR000000.json	MISSING	UP4042-CUSA00187_00-ZP2PS4SPAR000000	2018-12-17 12:36:08	
CUSA00187	US	Zen Pinball 2 - Sorcerer's Lair	http://gs2.ww.prod.dl.playstation.net/gs2/acpkgo/prod/CUSA00187_00/2/f_3a1ae8cf3d825fdbcd7fb0e678cf6c62be35f3a0cc5bcc8485438d59f80419c7/f/UP4042-CUSA00187_00-ZP2PS4SRC0000000.json	MISSING	UP4042-CUSA00187_00-ZP2PS4SRC0000000	2018-12-17 12:36:08	
CUSA00187	US	Zen Pinball 2 - Captain America (Unlock)	http://gs2.ww.prod.dl.playstation.net/gs2/acpkgo/prod/CUSA00187_00/61/f_65bf3e8038fb4a2e2579011cf5613684a9f3352040a7dee3353bd89b8b59bd09/f/UP4042-CUSA00187_00-ZP2PS4CAP000000K.json	MISSING	UP4042-CUSA00187_00-ZP2PS4CAP000000K	2018-12-17 12:36:08	
CUSA00187	US	Zen Pinball 2 - Captain America (Trial)	http://gs2.ww.prod.dl.playstation.net/gs2/acpkgo/prod/CUSA00187_00/60/f_7901ff2b6e68cc62d0ed65a9c758bb812f71d8b93a33652ebaff354aa93452d5/f/UP4042-CUSA00187_00-ZP2PS4CAP0000000.json	MISSING	UP4042-CUSA00187_00-ZP2PS4CAP0000000	2018-12-17 12:36:08	
CUSA00187	US	Zen Pinball 2 - Fantastic Four (Unlock)	http://gs2.ww.prod.dl.playstation.net/gs2/acpkgo/prod/CUSA00187_00/57/f_b0d1b96bc95b132ad5a8bcd7d2c7ce3d8489ac894990c238b1abdf8f86449b3d/f/UP4042-CUSA00187_00-ZP2PS4FFOUR0000K.json	MISSING	UP4042-CUSA00187_00-ZP2PS4FFOUR0000K	2018-12-17 12:36:08	
CUSA00187	US	Zen Pinball 2 - Fantastic Four (Trial)	http://gs2.ww.prod.dl.playstation.net/gs2/acpkgo/prod/CUSA00187_00/58/f_624717085979c8eb859425921616b8d3262533d1d501b91f9d51f8f653434604/f/UP4042-CUSA00187_00-ZP2PS4FFOUR00000.json	MISSING	UP4042-CUSA00187_00-ZP2PS4FFOUR00000	2018-12-17 12:36:08	
CUSA00187	US	Zen Pinball 2: Marvel Pinball Original Pack (Unlock)	http://gs2.ww.prod.dl.playstation.net/gs2/acpkgo/prod/CUSA00187_00/7/f_151fbec701ff6a56f7412dbd583cefd547791c79360b35dc0e7d330ef4b576e4/f/UP4042-CUSA00187_00-ZP2PS4MVP000000K.json	MISSING	UP4042-CUSA00187_00-ZP2PS4MVP000000K	2018-12-17 12:36:08	
CUSA00187	US	Zen Pinball 2: Marvel Pinball Original Pack	http://gs2.ww.prod.dl.playstation.net/gs2/acpkgo/prod/CUSA00187_00/8/f_087c6e07164ae142db54e02162100a93992bc0e19c7d434cdd14ee0f4020ca68/f/UP4042-CUSA00187_00-ZP2PS4MVP0000000.json	MISSING	UP4042-CUSA00187_00-ZP2PS4MVP0000000	2018-12-17 12:36:08	
CUSA00187	US	Zen Pinball 2 - Marvel Pinball: Vengeance and Virtue (Unlock)	http://gs2.ww.prod.dl.playstation.net/gs2/acpkgo/prod/CUSA00187_00/54/f_da7c2dadec6c3cb4d30a7f5206d113f81b1e0fa5cc3761279cb3e7e9e379ddad/f/UP4042-CUSA00187_00-ZP2PS4MVPVNV000K.json	MISSING	UP4042-CUSA00187_00-ZP2PS4MVPVNV000K	2018-12-17 12:36:08	
CUSA00187	US	Zen Pinball 2 - Marvel Pinball: Vengeance and Virtue (Trial)	http://gs2.ww.prod.dl.playstation.net/gs2/acpkgo/prod/CUSA00187_00/59/f_7087d9d03134fcad485d18e6d7c04c7b0e9abde2f33300accd004c0632275323/f/UP4042-CUSA00187_00-ZP2PS4MVPVNV0000.json	MISSING	UP4042-CUSA00187_00-ZP2PS4MVPVNV0000	2018-12-17 12:36:08	
CUSA00187	US	Zen Pinball 2: Avengers Chronicles Unlock Key	http://gs2.ww.prod.dl.playstation.net/gs2/acpkgo/prod/CUSA00187_00/4/f_4a347bb7cf87872be96f67fcc2b54d714727e26ac645ea3a850debeededc0116/f/UP4042-CUSA00187_00-ZP2PS4AVEN00000K.json	MISSING	UP4042-CUSA00187_00-ZP2PS4AVEN00000K	2018-12-17 12:36:08	
CUSA04551	US	NieR:Automata Flight Unit Type-S	http://gs2.ww.prod.dl.playstation.net/gs2/acpkgo/prod/CUSA04551_00/12/f_15f847d5c2fcfdbc2f88bfd838a825ca758b9d9037e0895650114a5750092873/f/UP0082-CUSA04551_00-NIERFUNITTYPES03.json	MISSING	UP0082-CUSA04551_00-NIERFUNITTYPES03	2018-12-17 12:36:08	
CUSA04915	US	Pinball FX3 - Paranormal	http://gs2.ww.prod.dl.playstation.net/gs2/acpkgo/prod/CUSA04915_00/59/f_51c51fca505d781de05889edb876af90a6bd4c933691578bc3347e327037a1d0/f/UP4042-CUSA04915_00-PINBALLFX3PARA00.json	MISSING	UP4042-CUSA04915_00-PINBALLFX3PARA00	2018-12-17 12:36:08	
CUSA04915	US	Pinball FX3 - Marvel's Avengers: Age of Ultron	http://gs2.ww.prod.dl.playstation.net/gs2/acpkgo/prod/CUSA04915_00/43/f_353cd1df5eecaf9c6099a8ffe77b7d3d343ff97bb5b0cb029a89fce09305049c/f/UP4042-CUSA04915_00-PINBALLFX3ULTRON.json	MISSING	UP4042-CUSA04915_00-PINBALLFX3ULTRON	2018-12-17 12:36:08	
CUSA04915	US	Pinball FX3 - Marvel's Ant-Man	http://gs2.ww.prod.dl.playstation.net/gs2/acpkgo/prod/CUSA04915_00/36/f_6e29c2ca15feece7f11d222be64fb68c4d03255cdf86ba6c33588a955f98be97/f/UP4042-CUSA04915_00-PINBALLFX3ANTMAN.json	MISSING	UP4042-CUSA04915_00-PINBALLFX3ANTMAN	2018-12-17 12:36:08	
CUSA04915	US	Pinball FX3 - Fantastic Four	http://gs2.ww.prod.dl.playstation.net/gs2/acpkgo/prod/CUSA04915_00/49/f_88a033eb0bbdf495aeb6073d973263e257225f50b12a55458fa336490a62603f/f/UP4042-CUSA04915_00-PINBALLFX3FAN400.json	MISSING	UP4042-CUSA04915_00-PINBALLFX3FAN400	2018-12-17 12:36:08	
CUSA04915	US	Pinball FX3 - Medieval Pack Demo	http://gs2.ww.prod.dl.playstation.net/gs2/acpkgo/prod/CUSA04915_00/56/f_732cd998ce01c22d01bd86abdcf544792c2300f257120cbb321bcf16a31e6963/f/UP4042-CUSA04915_00-PINBALLFX3MEDI00.json	MISSING	UP4042-CUSA04915_00-PINBALLFX3MEDI00	2018-12-17 12:36:08	
CUSA04915	US	Pinball FX3: Excalibur (Unlock)	http://gs2.ww.prod.dl.playstation.net/gs2/acpkgo/prod/CUSA04915_00/52/f_48adcd62c5501db64b8f988eaf12cbd3e8d99cc7e963d794a18c47cf9eb8e835/f/UP4042-CUSA04915_00-PINBALLFX3EXCALI.json	MISSING	UP4042-CUSA04915_00-PINBALLFX3EXCALI	2018-12-17 12:36:08	
CUSA04915	US	Pinball FX3 - Earth Defense	http://gs2.ww.prod.dl.playstation.net/gs2/acpkgo/prod/CUSA04915_00/58/f_a5f95a51c1ee6f18ba77aa6e34e66604ce251667c2d5a4e9173bf90f8bd5f238/f/UP4042-CUSA04915_00-PINBALLFX3EARTH0.json	MISSING	UP4042-CUSA04915_00-PINBALLFX3EARTH0	2018-12-17 12:36:08	
CUSA04915	US	Pinball FX3 - Doctor Strange	http://gs2.ww.prod.dl.playstation.net/gs2/acpkgo/prod/CUSA04915_00/45/f_bea185917bfbae485851834ea4a9a3bfac4f8920f1b0b8865a02290e328c703c/f/UP4042-CUSA04915_00-PINBALLFX3DOC000.json	MISSING	UP4042-CUSA04915_00-PINBALLFX3DOC000	2018-12-17 12:36:08	
CUSA04915	US	Pinball FX3 - Deadpool	http://gs2.ww.prod.dl.playstation.net/gs2/acpkgo/prod/CUSA04915_00/46/f_b5a4c6ee1062910cfa91281c31bd70977a77ebdf68e1a421974dc75f2e3f3476/f/UP4042-CUSA04915_00-PINBALLFX3DEADP0.json	MISSING	UP4042-CUSA04915_00-PINBALLFX3DEADP0	2018-12-17 12:36:08	
CUSA04915	US	Pinball FX3 - Venom	http://gs2.ww.prod.dl.playstation.net/gs2/acpkgo/prod/CUSA04915_00/39/f_54fbdf0a93aa8a1dafbe2ba07adcc1854646580e0c445a941cb560c777e82013/f/UP4042-CUSA04915_00-PINBALLFX3VENOM0.json	MISSING	UP4042-CUSA04915_00-PINBALLFX3VENOM0	2018-12-17 12:36:08	
CUSA04915	US	Pinball FX3 - Marvel Pinball: Cinematic Pack Demo	http://gs2.ww.prod.dl.playstation.net/gs2/acpkgo/prod/CUSA04915_00/41/f_58364f3297e68688aac1efa751ffdacccb418ce5661da41fcaef18b57f9301c2/f/UP4042-CUSA04915_00-PINBALLFX3MVPCI0.json	MISSING	UP4042-CUSA04915_00-PINBALLFX3MVPCI0	2018-12-17 12:36:08	
CUSA04915	US	Pinball FX3 - Marvel's Guardians of the Galaxy	http://gs2.ww.prod.dl.playstation.net/gs2/acpkgo/prod/CUSA04915_00/38/f_20e3c5be2e6c1a99b0f0841cae9b1fdab6f91914b05dbbea8dc095eb52154ed7/f/UP4042-CUSA04915_00-PINBALLFX3GUARD0.json	MISSING	UP4042-CUSA04915_00-PINBALLFX3GUARD0	2018-12-17 12:36:08	
CUSA04915	US	Pinball FX3 - Sci-Fi Pack Demo	http://gs2.ww.prod.dl.playstation.net/gs2/acpkgo/prod/CUSA04915_00/54/f_71241cb98ea3748a884bdd0abf289d6ddb5abc7f400b865231b6ace747265896/f/UP4042-CUSA04915_00-PINBALLFX3SCIFI0.json	MISSING	UP4042-CUSA04915_00-PINBALLFX3SCIFI0	2018-12-17 12:36:08	
CUSA04915	US	Pinball FX3 - Mars	http://gs2.ww.prod.dl.playstation.net/gs2/acpkgo/prod/CUSA04915_00/61/f_ea942a0b4bdabaa49e746bae8f6b4d32954d87b96120da9b9e82d11b41ac9c3a/f/UP4042-CUSA04915_00-PINBALLFX3MARS00.json	MISSING	UP4042-CUSA04915_00-PINBALLFX3MARS00	2018-12-17 12:36:08	
CUSA04915	US	Pinball FX3 - Marvel Pinball: Heavy Hitters Demo	http://gs2.ww.prod.dl.playstation.net/gs2/acpkgo/prod/CUSA04915_00/42/f_093e9e3259618b3e907df0973de98ee62cee9d3866b31a9f82858d7be31e100c/f/UP4042-CUSA04915_00-PINBALLFX3MVPHH0.json	MISSING	UP4042-CUSA04915_00-PINBALLFX3MVPHH0	2018-12-17 12:36:08	
CUSA04915	US	Pinball FX3 - Civil War	http://gs2.ww.prod.dl.playstation.net/gs2/acpkgo/prod/CUSA04915_00/66/f_b137e752957413b7503bd4f56ca65a008a44034737cdc7c62c0dfee303a96c80/f/UP4042-CUSA04915_00-PINBALLFX3CIVILW.json	MISSING	UP4042-CUSA04915_00-PINBALLFX3CIVILW	2018-12-17 12:36:08	
CUSA04915	US	Pinball FX3 - Marvel Pinball: Marvel Legends Pack Demo	http://gs2.ww.prod.dl.playstation.net/gs2/acpkgo/prod/CUSA04915_00/37/f_19655068f0eee9fc3d43d49e724ac22b8b303d9c5e21ed8e955fd14cf5c0a894/f/UP4042-CUSA04915_00-PINBALLFX3MVPLE0.json	MISSING	UP4042-CUSA04915_00-PINBALLFX3MVPLE0	2018-12-17 12:36:08	
CUSA04915	US	Pinball FX3 - Captain America	http://gs2.ww.prod.dl.playstation.net/gs2/acpkgo/prod/CUSA04915_00/48/f_5c3d2a96d07b93d66b67e926c64d1bcf058fd7a00a1bb928ae42055c36a6d9c1/f/UP4042-CUSA04915_00-PINBALLFX3CAP000.json	MISSING	UP4042-CUSA04915_00-PINBALLFX3CAP000	2018-12-17 12:36:08	
CUSA04915	US	Pinball FX3 - Zen Classics	http://gs2.ww.prod.dl.playstation.net/gs2/acpkgo/prod/CUSA04915_00/6/f_6d8e085fc1e5cf0dc4a3330e09956aa069be215b226efb5982958534e2a5fffc/f/UP4042-CUSA04915_00-PINBALLFX3CLASSK.json	MISSING	UP4042-CUSA04915_00-PINBALLFX3CLASSK	2018-12-17 12:36:08	
CUSA04915	US	Pinball FX3 - Zen Classics Demo	http://gs2.ww.prod.dl.playstation.net/gs2/acpkgo/prod/CUSA04915_00/17/f_e518d90de502c4ec45949959495664391c392986bb0ab406fdf01a19b115fb2d/f/UP4042-CUSA04915_00-PINBALLFX3CLASS0.json	MISSING	UP4042-CUSA04915_00-PINBALLFX3CLASS0	2018-12-17 12:36:08	
CUSA04915	US	Pinball FX3 - Marvel Pinball: Vengeance and Virtue	http://gs2.ww.prod.dl.playstation.net/gs2/acpkgo/prod/CUSA04915_00/13/f_d6a860c8fcd5818e37697a192f2e6312ca82cc7b1ca75853d74de864c371e44c/f/UP4042-CUSA04915_00-PINBALLFX3MVPVVK.json	MISSING	UP4042-CUSA04915_00-PINBALLFX3MVPVVK	2018-12-17 12:36:08	
CUSA04915	US	Pinball FX3 - Marvel Pinball : Vengeance and Virtue Demo	http://gs2.ww.prod.dl.playstation.net/gs2/acpkgo/prod/CUSA04915_00/29/f_c7f156a71c0d3dd55b0068ffd62deb7eab47bd8c1a2f66f9601f2939d2e9a5b8/f/UP4042-CUSA04915_00-PINBALLFX3MVPVV0.json	MISSING	UP4042-CUSA04915_00-PINBALLFX3MVPVV0	2018-12-17 12:36:08	
CUSA04915	US	Pinball FX3 - Marvel Pinball: Avengers Chronicles	http://gs2.ww.prod.dl.playstation.net/gs2/acpkgo/prod/CUSA04915_00/7/f_43a082ded8842bc995b3fa0e6a3f630c6a2b33f3a2ce7c3bebf959413d688cd4/f/UP4042-CUSA04915_00-PINBALLFX3MVPACK.json	MISSING	UP4042-CUSA04915_00-PINBALLFX3MVPACK	2018-12-17 12:36:08	
CUSA04915	US	Pinball FX3 - Marvel Pinball: Avengers Chronicles Demo	http://gs2.ww.prod.dl.playstation.net/gs2/acpkgo/prod/CUSA04915_00/22/f_58b01c1f7f2dfa95ae394c8a9ccf45c850ca14bbe5b3668c3476213b68337846/f/UP4042-CUSA04915_00-PINBALLFX3MVPAC0.json	MISSING	UP4042-CUSA04915_00-PINBALLFX3MVPAC0	2018-12-17 12:36:08	
CUSA04915	US	Pinball FX3 - Marvel Pinball Originals	http://gs2.ww.prod.dl.playstation.net/gs2/acpkgo/prod/CUSA04915_00/8/f_ed3e9f5af6fbb0190a212cae5d7505ffe8163fe675100a70e65057d5af3f80d0/f/UP4042-CUSA04915_00-PINBALLFX3MVPO0K.json	MISSING	UP4042-CUSA04915_00-PINBALLFX3MVPO0K	2018-12-17 12:36:08	
CUSA04915	US	Pinball FX3 - Marvel Pinball Originals Demo	http://gs2.ww.prod.dl.playstation.net/gs2/acpkgo/prod/CUSA04915_00/18/f_1e37eba9f63af3e3d1d012f54240c5041a86f6908032cd8c6424713e412d2c9f/f/UP4042-CUSA04915_00-PINBALLFX3MVPO00.json	MISSING	UP4042-CUSA04915_00-PINBALLFX3MVPO00	2018-12-17 12:36:08	
CUSA00187	US	Zen Pinball 2 - Venom (Unlock)	http://gs2.ww.prod.dl.playstation.net/gs2/acpkgo/prod/CUSA00187_00/74/f_873a3688998b88d4516c1dc5e0efa231a7eae81bfab84f6fb711513936daf1ef/f/UP4042-CUSA00187_00-ZP2PS4VENOM0000K.json	MISSING	UP4042-CUSA00187_00-ZP2PS4VENOM0000K	2018-12-17 12:36:08	
CUSA00187	US	Zen Pinball 2 - Marvel's Avengers: Age of Ultron (Unlock)	http://gs2.ww.prod.dl.playstation.net/gs2/acpkgo/prod/CUSA00187_00/80/f_f6bc4796a1e13309d8330d4e199cab990ba832374ea38df976b5877c994d66d2/f/UP4042-CUSA00187_00-ZP2PS4ULTRON000K.json	MISSING	UP4042-CUSA00187_00-ZP2PS4ULTRON000K	2018-12-17 12:36:08	
CUSA00187	US	Zen Pinball 2 - Doctor Strange (Unlock)	http://gs2.ww.prod.dl.playstation.net/gs2/acpkgo/prod/CUSA00187_00/37/f_2b2c6368dacd8dec14bc6f85a60a5aa7267d2cca3f62fc2b9aea25183a370824/f/UP4042-CUSA00187_00-ZP2PS4STR000000K.json	MISSING	UP4042-CUSA00187_00-ZP2PS4STR000000K	2018-12-17 12:36:08	
CUSA00187	US	Zen Pinball 2 - South Park Pinball (Unlock)	http://gs2.ww.prod.dl.playstation.net/gs2/acpkgo/prod/CUSA00187_00/69/f_209e9f36a9f119c1fb78395356fc713b2b50dfdfc5a462b7ab714c9977ccc4fc/f/UP4042-CUSA00187_00-ZP2PS4SPARKD000K.json	MISSING	UP4042-CUSA00187_00-ZP2PS4SPARKD000K	2018-12-17 12:36:08	
CUSA00187	US	Zen Pinball 2 - Guardians of the Galaxy (Unlock)	http://gs2.ww.prod.dl.playstation.net/gs2/acpkgo/prod/CUSA00187_00/65/f_432bf724b20b19adaf74b0b4a22b28d89721638253d796331608fbd8de5df593/f/UP4042-CUSA00187_00-ZP2PS4GOTG00000K.json	MISSING	UP4042-CUSA00187_00-ZP2PS4GOTG00000K	2018-12-17 12:36:08	
CUSA00187	US	Zen Pinball 2 - Deadpool (Unlock)	http://gs2.ww.prod.dl.playstation.net/gs2/acpkgo/prod/CUSA00187_00/44/f_9ca9a67cf63dec209a9a3e45c18074f922d4c969d41ec8b9227992784e03a7ed/f/UP4042-CUSA00187_00-ZP2PS4DEAD00000K.json	MISSING	UP4042-CUSA00187_00-ZP2PS4DEAD00000K	2018-12-17 12:36:08	
CUSA00187	US	Zen Pinball 2 - Civil War (Unlock)	http://gs2.ww.prod.dl.playstation.net/gs2/acpkgo/prod/CUSA00187_00/47/f_26523399bfaf4ebc04da1e8497ee2485b67a8bd699d02b61ab046c23db601204/f/UP4042-CUSA00187_00-ZP2PS4CWAR00000K.json	MISSING	UP4042-CUSA00187_00-ZP2PS4CWAR00000K	2018-12-17 12:36:08	
CUSA00187	US	Zen Pinball 2 - Marvel’s Ant-Man (Unlock)	http://gs2.ww.prod.dl.playstation.net/gs2/acpkgo/prod/CUSA00187_00/85/f_edd8ea396ebf25ecfb3e126df6f9cd800fd26241aa8449a4248cf1a4d69246f3/f/UP4042-CUSA00187_00-ZP2PS4ANTMAN000K.json	MISSING	UP4042-CUSA00187_00-ZP2PS4ANTMAN000K	2018-12-17 12:36:08	
CUSA00187	US	Zen Pinball 2: Bethesda® Pinball (Trial)	http://gs2.ww.prod.dl.playstation.net/gs2/acpkgo/prod/CUSA00187_00/96/f_e133bcba0e3d5906b1c4b6ea6b51e13ebd3aa94c7e4a2441397c97efe4424223/f/UP4042-CUSA00187_00-ZP2PS4BETH000000.json	MISSING	UP4042-CUSA00187_00-ZP2PS4BETH000000	2018-12-17 12:36:08	
CUSA00187	US	Zen Pinball 2 - Plants VS Zombies (Trial)	http://gs2.ww.prod.dl.playstation.net/gs2/acpkgo/prod/CUSA00187_00/17/f_ab99b3ea69632053f3bb9f1029dc2bac97271bc760110ca486becb12cf25a572/f/UP4042-CUSA00187_00-ZP2PS4PVZ0000000.json	MISSING	UP4042-CUSA00187_00-ZP2PS4PVZ0000000	2018-12-17 12:36:08	
CUSA00187	US	Zen Pinball 2: Aliens vs. Pinball (Trial)	http://gs2.ww.prod.dl.playstation.net/gs2/acpkgo/prod/CUSA00187_00/91/f_3bf480caed3682dc8ffda040b647565c603891b5450961210716694cf3b3d3dd/f/UP4042-CUSA00187_00-ZP2PS4ALN0000000.json	MISSING	UP4042-CUSA00187_00-ZP2PS4ALN0000000	2018-12-17 12:36:08	
CUSA00187	US	Zen Pinball 2 - Ninja Gaiden Sigma 2 (Trial)	http://gs2.ww.prod.dl.playstation.net/gs2/acpkgo/prod/CUSA00187_00/73/f_f7e6e3a5eb2a213e23cf552715aac54c2212c961206f5c64ae799e3e23b3300b/f/UP4042-CUSA00187_00-ZP2PS4NIN0000000.json	MISSING	UP4042-CUSA00187_00-ZP2PS4NIN0000000	2018-12-17 12:36:08	
CUSA00187	US	Zen Pinball 2 - The Walking Dead (Trial)	http://gs2.ww.prod.dl.playstation.net/gs2/acpkgo/prod/CUSA00187_00/66/f_967ca24848bb45a4ecc18cdebeb3c46035353c9a1add143e9ac126dfe1e288cf/f/UP4042-CUSA00187_00-ZP2PS4WDEAD00000.json	MISSING	UP4042-CUSA00187_00-ZP2PS4WDEAD00000	2018-12-17 12:36:08	
CUSA00187	US	Zen Pinball 2 - South Park Pinball (Trial)	http://gs2.ww.prod.dl.playstation.net/gs2/acpkgo/prod/CUSA00187_00/68/f_47d8f061f24e51087121fa94bfab8dd8a25795b2b08c8175c2a23e4ea8560597/f/UP4042-CUSA00187_00-ZP2PS4SPARKD0000.json	MISSING	UP4042-CUSA00187_00-ZP2PS4SPARKD0000	2018-12-17 12:36:08	
CUSA00187	US	Zen Pinball 2 - Iron & Steel Pack (Trial)	http://gs2.ww.prod.dl.playstation.net/gs2/acpkgo/prod/CUSA00187_00/76/f_92baa411caba9fe0b6587b5419644760c84f9ee0ad5441b44f9bb0230bd5be14/f/UP4042-CUSA00187_00-ZP2PS4IRONSTEEL0.json	MISSING	UP4042-CUSA00187_00-ZP2PS4IRONSTEEL0	2018-12-17 12:36:08	
CUSA00187	US	Zen Pinball 2 - Epic Quest (Trial)	http://gs2.ww.prod.dl.playstation.net/gs2/acpkgo/prod/CUSA00187_00/15/f_5ad7062589c15ee40bbc4718098bba2dd46e36fefd824fe487f128de37320a12/f/UP4042-CUSA00187_00-ZP2PS4EPIC000000.json	MISSING	UP4042-CUSA00187_00-ZP2PS4EPIC000000	2018-12-17 12:36:08	
CUSA00187	US	Zen Pinball 2 - Core Pack (Trial)	http://gs2.ww.prod.dl.playstation.net/gs2/acpkgo/prod/CUSA00187_00/71/f_f88eda0eebd6f83ebb368612030d2a394e071d081d72e1c7c78bfe4921fb1afd/f/UP4042-CUSA00187_00-ZP2PS4SCORE00000.json	MISSING	UP4042-CUSA00187_00-ZP2PS4SCORE00000	2018-12-17 12:36:08	
CUSA00187	US	Zen Pinball 2 - Civil War (Trial)	http://gs2.ww.prod.dl.playstation.net/gs2/acpkgo/prod/CUSA00187_00/52/f_533309415df51064b0d4fa42620dbaa62b6bcdf51dcc03bdfc8f7bc568e09278/f/UP4042-CUSA00187_00-ZP2PS4CWAR000000.json	MISSING	UP4042-CUSA00187_00-ZP2PS4CWAR000000	2018-12-17 12:36:08	
CUSA00187	US	Zen Pinball 2 - Doctor Strange (Trial)	http://gs2.ww.prod.dl.playstation.net/gs2/acpkgo/prod/CUSA00187_00/38/f_aa3f343130c8a7820f97d2fdc2d5cc3ec98172c64905af85d06394668222b9d7/f/UP4042-CUSA00187_00-ZP2PS4STR0000000.json	MISSING	UP4042-CUSA00187_00-ZP2PS4STR0000000	2018-12-17 12:36:08	
CUSA00187	US	Zen Pinball 2 - Deadpool (Trial)	http://gs2.ww.prod.dl.playstation.net/gs2/acpkgo/prod/CUSA00187_00/45/f_8e3c3582ce512d1e0afe538746cebb6a90448883d9e219d67ce4240446089d96/f/UP4042-CUSA00187_00-ZP2PS4DEAD000000.json	MISSING	UP4042-CUSA00187_00-ZP2PS4DEAD000000	2018-12-17 12:36:08	
CUSA00187	US	Zen Pinball 2 - Guardians of the Galaxy (Trial)	http://gs2.ww.prod.dl.playstation.net/gs2/acpkgo/prod/CUSA00187_00/64/f_a079a767f633649c51f121c6c501947cd60c0730a9c3bc60e1f6a4f086f3d068/f/UP4042-CUSA00187_00-ZP2PS4GOTG000000.json	MISSING	UP4042-CUSA00187_00-ZP2PS4GOTG000000	2018-12-17 12:36:08	
CUSA00187	US	Zen Pinball 2 - Venom (Trial)	http://gs2.ww.prod.dl.playstation.net/gs2/acpkgo/prod/CUSA00187_00/75/f_d5ccb5bc612673afe77d88d965b9cff9bbcef9a8badbaac3a5c01eab8b48f105/f/UP4042-CUSA00187_00-ZP2PS4VENOM00000.json	MISSING	UP4042-CUSA00187_00-ZP2PS4VENOM00000	2018-12-17 12:36:08	
CUSA00187	US	Zen Pinball 2 - Marvel's Avengers: Age of Ultron (Trial)	http://gs2.ww.prod.dl.playstation.net/gs2/acpkgo/prod/CUSA00187_00/78/f_87c3b7b05d63e48817f01088d6fe08234e48ae831e0df26eac03a561e76dce55/f/UP4042-CUSA00187_00-ZP2PS4ULTRON0000.json	MISSING	UP4042-CUSA00187_00-ZP2PS4ULTRON0000	2018-12-17 12:36:08	
CUSA00187	US	Zen Pinball 2 - Marvel’s Ant-Man (Trial)	http://gs2.ww.prod.dl.playstation.net/gs2/acpkgo/prod/CUSA00187_00/84/f_27e48569688808006c61282cc41270e54169f56ce6dec21253a274b65c47d182/f/UP4042-CUSA00187_00-ZP2PS4ANTMAN0000.json	MISSING	UP4042-CUSA00187_00-ZP2PS4ANTMAN0000	2018-12-17 12:36:08	
CUSA00187	US	Zen Pinball 2: Marvel's Women of Power (Trial)	http://gs2.ww.prod.dl.playstation.net/gs2/acpkgo/prod/CUSA00187_00/94/f_36af9b314233f1d67b9c24826bdf4ff195df453174ed0e564b8ed7ec61ad213d/f/UP4042-CUSA00187_00-ZP2PS4WOP0000000.json	MISSING	UP4042-CUSA00187_00-ZP2PS4WOP0000000	2018-12-17 12:36:08	
CUSA00552	US	The Last of Us™ Remastered - Treacherous Territories Map Pack	http://gs2.ww.prod.dl.playstation.net/gs2/acpkgo/prod/CUSA00552_00/550/f_fb2a6c32129c554ca978591cfbd96a94812607c0a4b483d87b472d8e5ac24705/f/UP9000-CUSA00552_00-THELASTOFUSDLC04.json	MISSING	UP9000-CUSA00552_00-THELASTOFUSDLC04	2018-12-17 12:36:08	
CUSA07274	JP	ブラック・エレガンス	http://gs2.ww.prod.dl.playstation.net/gs2/acpkgo/prod/CUSA07274_00/88/f_ba9f883b7410c65aa3805e777b899d45b362842fa904d44fbee47957d8dd1d1e/f/JP0507-CUSA07274_00-FATEEXLINKDLC035.json	MISSING	JP0507-CUSA07274_00-FATEEXLINKDLC035	2019-02-24 01:28:59	
CUSA05967	EU	Darkest Dungeon - Musketeer	http://gs2.ww.prod.dl.playstation.net/gs2/acpkgo/prod/CUSA05967_00/5/f_01dca87e92a2520b96a2f5436d1233dedae05dd107368e2ebb22ed5e3cf35ea8/f/EP2483-CUSA05967_00-RHSDDPS400000006.json	MISSING	EP2483-CUSA05967_00-RHSDDPS400000006	2019-02-24 01:29:08	
CUSA05967	EU	Darkest Dungeon - Color of Madness	http://gs2.ww.prod.dl.playstation.net/gs2/acpkgo/prod/CUSA05967_00/4/f_d52ff9bfb711b703878b0e7efb92a8372e40142ff9b173bd2fe473f36d9df4f5/f/EP2483-CUSA05967_00-RHSDDPS400000005.json	MISSING	EP2483-CUSA05967_00-RHSDDPS400000005	2019-02-24 01:29:08	